ConfidenceRank,StabilityRank,Pattern,Appearances,FirstSeen,LastSeen,AvgRank,BestRank,WorstRank,AvgTrades,AvgWinRate,AvgReturn,ConfidenceScore
1,26,PANIC|HIGH_VOLATILITY|VOLATILE|BULL|VIX_LOW,20,2026-06-17,2026-06-23,31.0,22,33,1867.5,53.26,3.553,365.7141
2,21,PANIC|HIGH_VOLATILITY|VOLATILE|HIGH_VOL|VIX_EXTREME,20,2026-06-17,2026-06-23,45.25,45,47,824.0,68.76,4.137,365.1741
3,40,MOMENTUM|HIGH_VOLATILITY|VOLATILE|BULL|VIX_LOW,20,2026-06-17,2026-06-23,70.25,50,75,1935.6,51.36,2.789,281.8359
4,2,OVERSOLD|HIGH_VOLATILITY|NORMAL|HIGH_VOL|VIX_EXTREME,20,2026-06-17,2026-06-23,2.8,2,3,34.45,87.28,12.206,279.639
5,65,MOMENTUM|HIGH_VOLATILITY|VOLATILE|HIGH_VOL|VIX_EXTREME,20,2026-06-17,2026-06-23,149.8,124,259,877.05,61.33,2.26,183.5729
6,33,PANIC|BEAR|VOLATILE|BEAR|VIX_EXTREME,20,2026-06-17,2026-06-23,27.95,27,30,369.45,69.3,3.07,182.8793
7,30,PANIC|HIGH_VOLATILITY|VOLATILE|SIDEWAYS|VIX_EXTREME,20,2026-06-17,2026-06-23,47.65,36,50,417.95,59.22,3.309,179.1605
8,57,PANIC|BULL|VOLATILE|BULL|VIX_HIGH,20,2026-06-17,2026-06-23,98.15,96,105,652.9,62.47,2.395,170.9682
9,79,MOMENTUM|BULL|VOLATILE|BULL|VIX_HIGH,20,2026-06-17,2026-06-23,100.65,95,125,1023.6,57.02,1.925,157.0501
10,5,OVERBOUGHT|SIDEWAYS|NORMAL|HIGH_VOL|VIX_HIGH,20,2026-06-17,2026-06-23,8.65,7,9,14.5,93.06,9.592,152.0097
11,75,PANIC|SIDEWAYS|VOLATILE|BULL|VIX_HIGH,20,2026-06-17,2026-06-23,100.55,95,101,677.45,62.94,2.023,148.2096
12,3,OVERSOLD|HIGH_VOLATILITY|NORMAL|SPY_INSUFFICIENT_HISTORY|VIX_UNAVAILABLE,20,2026-06-17,2026-06-23,1.0,1,1,20.25,62.56,11.723,147.5921
13,146,MOMENTUM|BULL|VOLATILE|BULL|VIX_LOW,20,2026-06-17,2026-06-23,168.45,159,207,3823.75,53.63,0.979,145.1945
14,4,OVERBOUGHT|HIGH_VOLATILITY|NORMAL|HIGH_VOL|VIX_HIGH,20,2026-06-17,2026-06-23,27.0,26,34,9.7,89.62,11.517,143.7624
15,14,MOMENTUM|INSUFFICIENT_HISTORY|VOLATILE|BULL|VIX_LOW,20,2026-06-17,2026-06-23,22.8,14,25,178.8,48.89,4.572,133.6673
16,1,OVERSOLD|HIGH_VOLATILITY|NORMAL|SIDEWAYS|VIX_EXTREME,20,2026-06-17,2026-06-23,9.25,6,10,6.8,88.57,12.854,132.7683
17,111,MOMENTUM|SIDEWAYS|VOLATILE|SIDEWAYS|VIX_HIGH,20,2026-06-17,2026-06-23,204.5,202,215,1244.65,59.93,1.387,131.1473
18,17,PANIC|HIGH_VOLATILITY|VOLATILE|SIDEWAYS|VIX_LOW,20,2026-06-17,2026-06-23,39.0,28,48,168.0,52.83,4.263,130.5466
19,134,OVERBOUGHT|BULL|NORMAL|BULL|VIX_ELEVATED,20,2026-06-17,2026-06-23,198.95,186,219,1914.25,60.51,1.085,128.461
20,105,MOMENTUM|HIGH_VOLATILITY|VOLATILE|BULL|VIX_ELEVATED,20,2026-06-17,2026-06-23,159.55,112,172,1675.95,47.52,1.426,124.0628
21,29,PANIC|BULL|VOLATILE|SIDEWAYS|VIX_EXTREME,20,2026-06-17,2026-06-23,71.85,69,72,141.15,69.21,3.331,122.4895
22,44,PANIC|HIGH_VOLATILITY|NORMAL|BULL|VIX_LOW,20,2026-06-17,2026-06-23,106.75,72,113,353.4,55.22,2.625,121.8636
23,155,MOMENTUM|BULL|VOLATILE|BULL|VIX_ELEVATED,20,2026-06-17,2026-06-23,185.35,182,200,2844.85,55.02,0.917,120.3468
24,24,MOMENTUM|HIGH_VOLATILITY|VOLATILE|SIDEWAYS|VIX_LOW,20,2026-06-17,2026-06-23,87.2,67,168,183.35,51.76,3.776,118.3537
25,35,MOMENTUM|HIGH_VOLATILITY|NORMAL|BULL|VIX_LOW,20,2026-06-17,2026-06-23,36.45,35,43,319.8,50.27,2.93,117.7961
26,87,MOMENTUM|BEAR|VOLATILE|SIDEWAYS|VIX_HIGH,20,2026-06-17,2026-06-23,161.5,142,180,525.15,61.12,1.844,115.505
27,128,MOMENTUM|SIDEWAYS|VOLATILE|SIDEWAYS|VIX_ELEVATED,20,2026-06-17,2026-06-23,126.75,113,130,1418.85,59.0,1.147,113.9984
28,88,PANIC|HIGH_VOLATILITY|VOLATILE|BULL|VIX_HIGH,20,2026-06-17,2026-06-23,90.65,54,99,681.65,52.88,1.783,110.0876
29,12,OVERBOUGHT|SIDEWAYS|NORMAL|SPY_INSUFFICIENT_HISTORY|VIX_UNAVAILABLE,20,2026-06-17,2026-06-23,24.3,24,27,39.55,74.42,5.227,109.4033
30,36,PANIC|SIDEWAYS|NORMAL|SIDEWAYS|VIX_EXTREME,20,2026-06-17,2026-06-23,51.0,49,60,131.55,73.29,2.88,108.2674
31,8,MOMENTUM|BULL|VOLATILE|BULL|VIX_EXTREME,20,2026-06-17,2026-06-23,12.2,12,13,26.3,78.19,5.824,104.4397
32,76,PANIC|HIGH_VOLATILITY|VOLATILE|SPY_INSUFFICIENT_HISTORY|VIX_UNAVAILABLE,20,2026-06-17,2026-06-23,106.95,82,112,363.9,59.21,2.012,101.6317
33,114,PANIC|SIDEWAYS|NORMAL|SIDEWAYS|VIX_HIGH,20,2026-06-17,2026-06-23,108.05,104,109,760.55,60.9,1.343,100.8724
34,121,PANIC|HIGH_VOLATILITY|VOLATILE|BULL|VIX_ELEVATED,20,2026-06-17,2026-06-23,120.35,63,134,1579.85,46.9,1.196,99.7073
35,6,MOMENTUM|SIDEWAYS|NORMAL|BULL|VIX_EXTREME,20,2026-06-17,2026-06-23,8.2,8,12,7.55,86.5,9.285,98.693
36,147,PANIC|SIDEWAYS|VOLATILE|SIDEWAYS|VIX_ELEVATED,20,2026-06-17,2026-06-23,136.15,122,138,1562.55,57.07,0.974,98.265
37,32,OVERSOLD|SIDEWAYS|NORMAL|SIDEWAYS|VIX_EXTREME,20,2026-06-17,2026-06-23,18.15,18,21,80.7,73.12,3.239,95.1478
38,10,OVERBOUGHT|HIGH_VOLATILITY|NORMAL|SIDEWAYS|VIX_HIGH,20,2026-06-17,2026-06-23,55.45,10,265,44.6,58.27,5.444,94.7427
39,106,PANIC|SIDEWAYS|VOLATILE|SIDEWAYS|VIX_EXTREME,20,2026-06-17,2026-06-23,68.05,60,71,513.95,65.54,1.422,94.489
40,25,PANIC|BULL|NORMAL|SIDEWAYS|VIX_EXTREME,20,2026-06-17,2026-06-23,56.1,51,57,52.75,77.25,3.746,93.9923
41,39,PANIC|HIGH_VOLATILITY|VOLATILE|HIGH_VOL|VIX_HIGH,20,2026-06-17,2026-06-23,49.35,40,104,134.25,63.42,2.806,92.2117
42,71,MOMENTUM|BEAR|VOLATILE|BEAR|VIX_EXTREME,20,2026-06-17,2026-06-23,72.9,67,74,201.05,67.81,2.126,91.4164
43,22,OVERBOUGHT|HIGH_VOLATILITY|NORMAL|BULL|VIX_HIGH,20,2026-06-17,2026-06-23,13.15,9,14,61.05,66.71,3.901,90.9337
44,54,OVERBOUGHT|HIGH_VOLATILITY|NORMAL|BULL|VIX_LOW,20,2026-06-17,2026-06-23,92.35,89,108,199.5,57.91,2.454,89.7666
45,169,PANIC|SIDEWAYS|VOLATILE|SIDEWAYS|VIX_HIGH,20,2026-06-17,2026-06-23,163.95,132,171,1871.6,57.12,0.811,89.6253
46,131,MOMENTUM|HIGH_VOLATILITY|VOLATILE|SIDEWAYS|VIX_HIGH,20,2026-06-17,2026-06-23,266.45,261,286,1167.9,52.82,1.108,89.445
47,141,MOMENTUM|BULL|VOLATILE|SIDEWAYS|VIX_ELEVATED,20,2026-06-17,2026-06-23,149.65,143,159,1117.85,57.04,1.04,88.6992
48,110,OVERSOLD|SIDEWAYS|NORMAL|SIDEWAYS|VIX_ELEVATED,20,2026-06-17,2026-06-23,140.6,135,151,515.15,62.43,1.388,87.9558
49,99,MOMENTUM|BULL|NORMAL|BULL|VIX_HIGH,20,2026-06-17,2026-06-23,120.6,111,123,429.4,61.16,1.5,85.0168
50,7,MOMENTUM|BULL|NORMAL|BULL|VIX_EXTREME,20,2026-06-17,2026-06-23,2.2,2,3,7.6,73.33,9.282,83.9161
51,122,MOMENTUM|SIDEWAYS|NORMAL|SIDEWAYS|VIX_HIGH,20,2026-06-17,2026-06-23,181.05,160,186,654.2,61.75,1.188,83.9119
52,95,OVERBOUGHT|BULL|NORMAL|SIDEWAYS|VIX_HIGH,20,2026-06-17,2026-06-23,172.15,167,194,307.0,68.42,1.563,83.7966
53,9,MOMENTUM|INSUFFICIENT_HISTORY|NORMAL|BULL|VIX_LOW,20,2026-06-17,2026-06-23,68.05,4,84,40.0,52.5,5.609,83.2894
54,96,OVERBOUGHT|BULL|NORMAL|BULL|VIX_HIGH,20,2026-06-17,2026-06-23,130.0,122,166,417.5,58.2,1.559,82.911
55,165,PANIC|BULL|NORMAL|BULL|VIX_LOW,20,2026-06-17,2026-06-23,159.4,155,179,1538.15,55.82,0.84,82.2401
56,129,PANIC|HIGH_VOLATILITY|VOLATILE|SIDEWAYS|VIX_ELEVATED,20,2026-06-17,2026-06-23,174.45,160,238,956.55,51.92,1.145,82.226
57,53,MOMENTUM|SIDEWAYS|NORMAL|SIDEWAYS|VIX_EXTREME,20,2026-06-17,2026-06-23,42.05,39,56,99.0,73.67,2.48,81.2971
58,166,PANIC|BULL|VOLATILE|BULL|VIX_LOW,20,2026-06-17,2026-06-23,218.4,213,243,1669.95,52.52,0.837,80.3372
59,66,MOMENTUM|SIDEWAYS|VOLATILE|BEAR|VIX_EXTREME,20,2026-06-17,2026-06-23,72.2,57,76,123.45,71.74,2.234,79.6352
60,85,OVERSOLD|BEAR|NORMAL|SIDEWAYS|VIX_HIGH,20,2026-06-17,2026-06-23,85.7,75,88,211.3,63.78,1.865,77.3265
61,50,MOMENTUM|BEAR|VOLATILE|SIDEWAYS|VIX_EXTREME,20,2026-06-17,2026-06-23,34.8,31,65,96.0,69.3,2.504,76.0358
62,28,OVERSOLD|HIGH_VOLATILITY|NORMAL|SIDEWAYS|VIX_ELEVATED,20,2026-06-17,2026-06-23,105.4,83,246,52.2,68.18,3.44,75.7819
63,70,PANIC|HIGH_VOLATILITY|NORMAL|SIDEWAYS|VIX_HIGH,20,2026-06-17,2026-06-23,119.75,107,173,181.8,57.46,2.165,75.0128
64,206,OVERBOUGHT|BULL|NORMAL|BULL|VIX_LOW,20,2026-06-17,2026-06-23,229.0,228,235,4099.9,56.0,0.464,74.4059
65,149,PANIC|SIDEWAYS|NORMAL|SIDEWAYS|VIX_ELEVATED,20,2026-06-17,2026-06-23,151.05,136,153,878.3,56.84,0.972,73.2246
66,151,MOMENTUM|SIDEWAYS|NORMAL|SIDEWAYS|VIX_ELEVATED,20,2026-06-17,2026-06-23,136.3,113,142,822.1,60.41,0.94,72.8139
67,125,PANIC|BULL|NORMAL|SIDEWAYS|VIX_ELEVATED,20,2026-06-17,2026-06-23,171.05,153,172,499.75,59.66,1.171,69.8444
68,13,MOMENTUM|SIDEWAYS|VOLATILE|BULL|VIX_EXTREME,20,2026-06-17,2026-06-23,6.55,4,7,17.75,80.44,4.594,69.6269
69,148,MOMENTUM|BULL|VOLATILE|SIDEWAYS|VIX_HIGH,20,2026-06-17,2026-06-23,162.2,156,190,801.8,55.82,0.974,68.8489
70,334,MOMENTUM|HIGH_VOLATILITY|NORMAL|BULL|VIX_EXTREME,16,2026-06-18,2026-06-23,15.0,15,15,5.0,60.0,12.812,68.7564
71,119,PANIC|BULL|NORMAL|BULL|VIX_HIGH,20,2026-06-17,2026-06-23,215.85,209,250,397.55,60.5,1.26,67.9731
72,27,MOMENTUM|INSUFFICIENT_HISTORY|VOLATILE|SPY_INSUFFICIENT_HISTORY|VIX_UNAVAILABLE,20,2026-06-17,2026-06-23,39.2,25,42,69.05,52.38,3.454,67.2333
73,74,MOMENTUM|BULL|VOLATILE|SPY_INSUFFICIENT_HISTORY|VIX_UNAVAILABLE,20,2026-06-17,2026-06-23,55.8,52,74,196.0,51.68,2.066,66.8491
74,20,OVERBOUGHT|SIDEWAYS|NORMAL|SIDEWAYS|VIX_EXTREME,20,2026-06-17,2026-06-23,190.25,163,300,31.6,62.68,4.165,65.63
75,78,PANIC|BEAR|NORMAL|BEAR|VIX_EXTREME,20,2026-06-17,2026-06-23,83.95,68,87,107.05,73.25,1.932,65.4822
76,199,MOMENTUM|BULL|NORMAL|BULL|VIX_LOW,20,2026-06-17,2026-06-23,214.95,211,231,2630.5,54.07,0.525,65.1103
77,194,MOMENTUM|SIDEWAYS|VOLATILE|BULL|VIX_LOW,20,2026-06-17,2026-06-23,208.4,206,221,2218.9,53.85,0.573,65.0016
78,11,MOMENTUM|INSUFFICIENT_HISTORY|VOLATILE|SIDEWAYS|VIX_HIGH,20,2026-06-17,2026-06-23,59.8,15,71,23.2,54.75,5.427,64.0034
79,42,MOMENTUM|HIGH_VOLATILITY|NORMAL|BEAR|VIX_HIGH,20,2026-06-17,2026-06-23,31.1,18,34,63.2,64.0,2.764,62.8914
80,46,MOMENTUM|BULL|NORMAL|SIDEWAYS|VIX_EXTREME,20,2026-06-17,2026-06-23,43.85,43,44,68.5,65.53,2.592,62.8688
81,68,OVERBOUGHT|HIGH_VOLATILITY|NORMAL|BULL|VIX_ELEVATED,20,2026-06-17,2026-06-23,62.6,51,107,120.35,57.39,2.202,62.0
82,178,PANIC|BULL|VOLATILE|BULL|VIX_ELEVATED,20,2026-06-17,2026-06-23,254.6,251,271,1410.0,52.86,0.697,61.8706
83,38,PANIC|BEAR|VOLATILE|HIGH_VOL|VIX_HIGH,20,2026-06-17,2026-06-23,21.75,20,37,47.0,70.48,2.832,61.196
84,157,MOMENTUM|BULL|NORMAL|SIDEWAYS|VIX_ELEVATED,20,2026-06-17,2026-06-23,182.65,177,184,652.15,57.88,0.911,60.2193
85,101,PANIC|SIDEWAYS|VOLATILE|BEAR|VIX_EXTREME,20,2026-06-17,2026-06-23,106.6,76,114,230.0,61.72,1.434,60.028
86,49,OVERSOLD|HIGH_VOLATILITY|NORMAL|BULL|VIX_LOW,20,2026-06-17,2026-06-23,49.85,24,56,83.9,57.38,2.524,59.3261
87,161,PANIC|BULL|VOLATILE|SIDEWAYS|VIX_HIGH,20,2026-06-17,2026-06-23,149.55,141,153,658.25,57.8,0.879,58.2944
88,51,OVERBOUGHT|BULL|NORMAL|SPY_INSUFFICIENT_HISTORY|VIX_UNAVAILABLE,20,2026-06-17,2026-06-23,133.8,85,143,98.55,52.2,2.502,57.9831
89,100,MOMENTUM|BEAR|NORMAL|SIDEWAYS|VIX_HIGH,20,2026-06-17,2026-06-23,151.6,136,161,232.6,58.82,1.442,57.8509
90,196,PANIC|SIDEWAYS|VOLATILE|BULL|VIX_LOW,20,2026-06-17,2026-06-23,192.65,175,197,1977.25,52.14,0.556,57.649
91,120,OVERBOUGHT|INSUFFICIENT_HISTORY|NORMAL|SPY_INSUFFICIENT_HISTORY|VIX_HIGH,20,2026-06-17,2026-06-23,171.3,154,175,259.85,64.82,1.229,57.4298
92,52,MOMENTUM|BULL|VOLATILE|HIGH_VOL|VIX_HIGH,20,2026-06-17,2026-06-23,125.7,117,162,47.2,72.04,2.485,55.003
93,198,MOMENTUM|BULL|NORMAL|BULL|VIX_ELEVATED,20,2026-06-17,2026-06-23,256.25,253,262,1725.6,54.95,0.534,54.5122
94,47,MOMENTUM|HIGH_VOLATILITY|NORMAL|HIGH_VOL|VIX_HIGH,20,2026-06-17,2026-06-23,71.1,38,79,44.7,70.26,2.578,54.1577
95,15,OVERBOUGHT|BEAR|NORMAL|BEAR|VIX_ELEVATED,20,2026-06-17,2026-06-23,28.2,27,33,7.0,100.0,4.57,54.073
96,168,PANIC|BULL|VOLATILE|SIDEWAYS|VIX_ELEVATED,20,2026-06-17,2026-06-23,200.25,193,210,634.15,56.72,0.827,52.8266
97,83,PANIC|HIGH_VOLATILITY|NORMAL|BULL|VIX_HIGH,20,2026-06-17,2026-06-23,160.8,64,179,133.25,53.76,1.884,52.2864
98,144,OVERBOUGHT|INSUFFICIENT_HISTORY|NORMAL|SPY_INSUFFICIENT_HISTORY|VIX_ELEVATED,20,2026-06-17,2026-06-23,164.9,138,169,272.25,69.91,0.989,51.0193
99,34,MOMENTUM|HIGH_VOLATILITY|VOLATILE|BEAR|VIX_ELEVATED,20,2026-06-17,2026-06-23,74.25,65,115,33.45,64.67,3.042,50.8833
100,118,PANIC|BEAR|NORMAL|BEAR|VIX_HIGH,20,2026-06-17,2026-06-23,178.35,127,188,218.4,60.85,1.26,50.6725
101,64,PANIC|BULL|NORMAL|SPY_INSUFFICIENT_HISTORY|VIX_UNAVAILABLE,20,2026-06-17,2026-06-23,78.4,66,129,61.1,63.5,2.273,50.4555
102,142,OVERBOUGHT|SIDEWAYS|NORMAL|SIDEWAYS|VIX_HIGH,20,2026-06-17,2026-06-23,180.75,178,197,271.45,65.79,1.038,50.3173
103,84,OVERBOUGHT|SIDEWAYS|NORMAL|BEAR|VIX_HIGH,20,2026-06-17,2026-06-23,143.65,109,152,75.35,68.5,1.879,49.9659
104,67,PANIC|BULL|VOLATILE|SPY_INSUFFICIENT_HISTORY|VIX_UNAVAILABLE,20,2026-06-17,2026-06-23,90.95,50,98,81.35,55.6,2.218,49.7428
105,160,MOMENTUM|HIGH_VOLATILITY|VOLATILE|BULL|VIX_HIGH,20,2026-06-17,2026-06-23,215.35,210,241,713.05,46.41,0.888,49.2152
106,136,PANIC|INSUFFICIENT_HISTORY|VOLATILE|SPY_INSUFFICIENT_HISTORY|VIX_EXTREME,20,2026-06-17,2026-06-23,141.8,118,148,323.75,57.22,1.068,49.1744
107,31,PANIC|INSUFFICIENT_HISTORY|VOLATILE|SPY_INSUFFICIENT_HISTORY|VIX_UNAVAILABLE,20,2026-06-17,2026-06-23,67.95,53,70,45.0,49.76,3.287,49.0683
108,19,PANIC|INSUFFICIENT_HISTORY|VOLATILE|BULL|VIX_HIGH,20,2026-06-17,2026-06-23,39.4,16,43,23.7,53.88,4.178,49.0101
109,152,MOMENTUM|SIDEWAYS|VOLATILE|BULL|VIX_HIGH,20,2026-06-17,2026-06-23,134.8,126,174,520.3,50.74,0.939,48.6024
110,132,MOMENTUM|HIGH_VOLATILITY|VOLATILE|SPY_INSUFFICIENT_HISTORY|VIX_UNAVAILABLE,20,2026-06-17,2026-06-23,154.7,146,196,435.3,46.96,1.1,48.1981
111,130,MOMENTUM|BULL|VOLATILE|SIDEWAYS|VIX_LOW,20,2026-06-17,2026-06-23,121.5,90,129,266.65,59.02,1.117,48.1436
112,159,MOMENTUM|BEAR|VOLATILE|SIDEWAYS|VIX_ELEVATED,20,2026-06-17,2026-06-23,149.45,110,158,490.75,54.57,0.889,48.0619
113,150,PANIC|SIDEWAYS|VOLATILE|BEAR|VIX_HIGH,20,2026-06-17,2026-06-23,184.05,152,191,410.3,55.78,0.949,47.9524
114,61,PANIC|HIGH_VOLATILITY|NORMAL|SIDEWAYS|VIX_EXTREME,20,2026-06-17,2026-06-23,126.6,85,294,56.5,60.04,2.37,47.8331
115,109,MOMENTUM|BULL|VOLATILE|SIDEWAYS|VIX_EXTREME,20,2026-06-17,2026-06-23,94.1,86,96,176.55,57.02,1.409,47.7405
116,158,MOMENTUM|INSUFFICIENT_HISTORY|NORMAL|SPY_INSUFFICIENT_HISTORY|VIX_HIGH,20,2026-06-17,2026-06-23,189.25,181,190,387.95,59.98,0.898,47.4445
117,72,MOMENTUM|BULL|NORMAL|SPY_INSUFFICIENT_HISTORY|VIX_UNAVAILABLE,20,2026-06-17,2026-06-23,122.35,110,125,91.1,52.81,2.104,47.4281
118,200,MOMENTUM|SIDEWAYS|NORMAL|BULL|VIX_LOW,20,2026-06-17,2026-06-23,225.2,200,230,1396.9,53.86,0.524,47.1732
119,16,PANIC|BULL|NORMAL|BULL|VIX_EXTREME,20,2026-06-17,2026-06-23,30.15,23,61,12.4,67.38,4.435,47.0598
120,90,PANIC|HIGH_VOLATILITY|NORMAL|HIGH_VOL|VIX_EXTREME,20,2026-06-17,2026-06-23,115.7,92,122,94.9,62.09,1.738,47.0132
121,335,OVERSOLD|SIDEWAYS|NORMAL|HIGH_VOL|VIX_HIGH,16,2026-06-18,2026-06-23,4.0,4,4,6.0,83.33,5.704,46.5711
122,187,MOMENTUM|HIGH_VOLATILITY|VOLATILE|SIDEWAYS|VIX_ELEVATED,20,2026-06-17,2026-06-23,135.85,133,149,1002.9,50.34,0.642,45.7712
123,18,OVERSOLD|HIGH_VOLATILITY|NORMAL|BULL|VIX_HIGH,20,2026-06-17,2026-06-23,191.25,165,329,14.65,63.22,4.22,45.6668
124,163,MOMENTUM|BULL|NORMAL|SIDEWAYS|VIX_HIGH,20,2026-06-17,2026-06-23,251.15,248,267,400.95,58.6,0.87,45.6538
125,153,MOMENTUM|BEAR|VOLATILE|BEAR|VIX_HIGH,20,2026-06-17,2026-06-23,222.4,220,223,391.7,55.22,0.928,45.3561
126,23,MOMENTUM|INSUFFICIENT_HISTORY|VOLATILE|BULL|VIX_HIGH,20,2026-06-17,2026-06-23,298.4,23,317,17.65,62.67,3.852,45.3559
127,60,PANIC|BULL|VOLATILE|BULL|VIX_EXTREME,20,2026-06-17,2026-06-23,33.45,29,55,53.0,57.55,2.379,44.5751
128,124,MOMENTUM|SIDEWAYS|NORMAL|BEAR|VIX_HIGH,20,2026-06-17,2026-06-23,217.05,203,228,200.1,59.56,1.175,44.2722
129,69,OVERSOLD|BEAR|NORMAL|BEAR|VIX_EXTREME,20,2026-06-17,2026-06-23,45.55,9,54,44.1,67.45,2.188,43.8292
130,135,PANIC|BEAR|VOLATILE|SIDEWAYS|VIX_EXTREME,20,2026-06-17,2026-06-23,212.25,87,243,256.05,56.2,1.073,43.1532
131,63,OVERBOUGHT|HIGH_VOLATILITY|NORMAL|SPY_INSUFFICIENT_HISTORY|VIX_UNAVAILABLE,20,2026-06-17,2026-06-23,52.05,32,139,55.25,56.62,2.275,42.8186
132,167,PANIC|BULL|NORMAL|SIDEWAYS|VIX_HIGH,20,2026-06-17,2026-06-23,199.45,195,221,393.6,57.32,0.83,42.2111
133,73,PANIC|BEAR|NORMAL|SIDEWAYS|VIX_EXTREME,20,2026-06-17,2026-06-23,266.05,261,272,51.3,63.45,2.073,42.1313
134,93,OVERBOUGHT|SIDEWAYS|NORMAL|BULL|VIX_HIGH,20,2026-06-17,2026-06-23,156.3,140,227,79.0,63.59,1.621,40.9732
135,108,MOMENTUM|HIGH_VOLATILITY|NORMAL|SIDEWAYS|VIX_ELEVATED,20,2026-06-17,2026-06-23,112.45,105,146,138.0,54.72,1.417,40.7353
136,143,PANIC|HIGH_VOLATILITY|NORMAL|BULL|VIX_ELEVATED,20,2026-06-17,2026-06-23,198.35,145,218,269.4,51.22,1.037,38.9881
137,43,PANIC|INSUFFICIENT_HISTORY|VOLATILE|SIDEWAYS|VIX_HIGH,20,2026-06-17,2026-06-23,138.25,121,262,35.35,54.52,2.681,38.8653
138,341,PANIC|INSUFFICIENT_HISTORY|NORMAL|BULL|VIX_LOW,16,2026-06-18,2026-06-23,313.0,313,313,81.0,44.44,2.411,38.5721
139,82,OVERSOLD|HIGH_VOLATILITY|NORMAL|BULL|VIX_ELEVATED,20,2026-06-17,2026-06-23,114.75,19,137,78.25,50.13,1.909,37.8583
140,171,PANIC|BEAR|NORMAL|SIDEWAYS|VIX_HIGH,20,2026-06-17,2026-06-23,207.4,163,217,370.95,56.22,0.779,37.7225
141,56,PANIC|HIGH_VOLATILITY|NORMAL|SIDEWAYS|VIX_LOW,20,2026-06-17,2026-06-23,19.45,16,37,33.65,58.91,2.42,36.9838
142,45,PANIC|HIGH_VOLATILITY|NORMAL|HIGH_VOL|VIX_HIGH,20,2026-06-17,2026-06-23,55.3,21,63,24.45,64.12,2.595,36.7947
143,205,PANIC|HIGH_VOLATILITY|VOLATILE|SIDEWAYS|VIX_HIGH,20,2026-06-17,2026-06-23,177.25,174,206,1147.45,51.82,0.467,36.6603
144,139,MOMENTUM|HIGH_VOLATILITY|VOLATILE|HIGH_VOL|VIX_HIGH,20,2026-06-17,2026-06-23,244.35,211,252,189.25,55.96,1.054,36.287
145,189,OVERBOUGHT|BULL|NORMAL|SIDEWAYS|VIX_ELEVATED,20,2026-06-17,2026-06-23,249.85,249,257,509.85,56.89,0.627,36.0197
146,145,MOMENTUM|BEAR|NORMAL|BEAR|VIX_HIGH,20,2026-06-17,2026-06-23,202.35,165,224,185.4,59.68,0.986,35.8324
147,133,MOMENTUM|SIDEWAYS|VOLATILE|SPY_INSUFFICIENT_HISTORY|VIX_UNAVAILABLE,20,2026-06-17,2026-06-23,144.9,120,151,189.1,52.93,1.093,35.5781
148,333,OVERBOUGHT|BEAR|NORMAL|SIDEWAYS|VIX_HIGH,17,2026-06-18,2026-06-23,6.0,6,6,7.82,87.06,3.533,35.4642
149,201,PANIC|BEAR|VOLATILE|SIDEWAYS|VIX_ELEVATED,20,2026-06-17,2026-06-23,221.9,201,226,797.85,53.96,0.516,35.172
150,37,MOMENTUM|BEAR|NORMAL|SIDEWAYS|VIX_EXTREME,20,2026-06-17,2026-06-23,249.95,93,289,15.0,69.55,2.867,34.5371
151,184,PANIC|HIGH_VOLATILITY|VOLATILE|BEAR|VIX_HIGH,20,2026-06-17,2026-06-23,280.4,177,295,506.4,51.95,0.659,34.4535
152,77,PANIC|BEAR|NORMAL|SPY_INSUFFICIENT_HISTORY|VIX_UNAVAILABLE,20,2026-06-17,2026-06-23,193.8,150,210,48.05,57.01,1.937,34.2328
153,177,MOMENTUM|SIDEWAYS|VOLATILE|SIDEWAYS|VIX_EXTREME,20,2026-06-17,2026-06-23,136.9,128,181,304.6,61.33,0.714,34.1784
154,103,MOMENTUM|SIDEWAYS|NORMAL|SPY_INSUFFICIENT_HISTORY|VIX_UNAVAILABLE,20,2026-06-17,2026-06-23,129.2,106,135,96.1,54.25,1.43,34.0105
155,219,PANIC|SIDEWAYS|VOLATILE|BULL|VIX_ELEVATED,20,2026-06-17,2026-06-23,251.4,214,258,1918.05,49.31,0.345,33.3195
156,213,PANIC|BULL|NORMAL|BULL|VIX_ELEVATED,20,2026-06-17,2026-06-23,217.35,201,230,1136.3,50.18,0.43,32.5282
157,94,PANIC|SIDEWAYS|VOLATILE|HIGH_VOL|VIX_HIGH,20,2026-06-17,2026-06-23,85.8,70,89,61.85,58.35,1.574,32.3021
158,107,MOMENTUM|HIGH_VOLATILITY|NORMAL|SPY_INSUFFICIENT_HISTORY|VIX_UNAVAILABLE,20,2026-06-17,2026-06-23,110.5,80,118,84.65,55.03,1.418,32.1073
159,210,PANIC|BEAR|VOLATILE|SIDEWAYS|VIX_HIGH,20,2026-06-17,2026-06-23,177.2,176,184,878.35,54.35,0.445,32.0559
160,81,MOMENTUM|BEAR|VOLATILE|BEAR|VIX_ELEVATED,20,2026-06-17,2026-06-23,250.15,164,271,23.1,77.71,1.917,32.0199
161,104,OVERSOLD|BEAR|NORMAL|BULL|VIX_HIGH,20,2026-06-17,2026-06-23,40.55,38,41,69.3,59.86,1.428,31.8234
162,41,OVERSOLD|BEAR|NORMAL|HIGH_VOL|VIX_HIGH,20,2026-06-17,2026-06-23,53.4,31,59,10.8,76.67,2.77,31.2128
163,55,MOMENTUM|BULL|VOLATILE|BEAR|VIX_ELEVATED,20,2026-06-17,2026-06-23,38.75,37,47,14.95,73.24,2.436,30.8504
164,215,OVERBOUGHT|SIDEWAYS|NORMAL|BULL|VIX_LOW,20,2026-06-17,2026-06-23,228.2,191,236,984.85,56.46,0.389,30.8241
165,170,PANIC|BEAR|VOLATILE|BULL|VIX_HIGH,20,2026-06-17,2026-06-23,112.65,83,120,274.9,50.06,0.807,29.9548
166,218,PANIC|SIDEWAYS|NORMAL|BULL|VIX_ELEVATED,20,2026-06-17,2026-06-23,267.5,248,272,1148.4,51.55,0.381,29.7656
167,98,OVERSOLD|BEAR|NORMAL|SIDEWAYS|VIX_EXTREME,20,2026-06-17,2026-06-23,45.65,16,53,41.1,67.84,1.506,29.2918
168,186,PANIC|SIDEWAYS|NORMAL|BULL|VIX_HIGH,20,2026-06-17,2026-06-23,152.0,126,157,338.0,54.95,0.645,29.1408
169,190,OVERSOLD|BEAR|NORMAL|SIDEWAYS|VIX_ELEVATED,20,2026-06-17,2026-06-23,152.75,95,166,373.95,53.69,0.625,29.0199
170,192,PANIC|INSUFFICIENT_HISTORY|NORMAL|SPY_INSUFFICIENT_HISTORY|VIX_HIGH,20,2026-06-17,2026-06-23,266.8,256,268,407.95,54.62,0.588,29.01
171,115,MOMENTUM|HIGH_VOLATILITY|NORMAL|BULL|VIX_HIGH,20,2026-06-17,2026-06-23,214.75,200,282,90.55,50.37,1.338,28.6805
172,208,MOMENTUM|BEAR|VOLATILE|BULL|VIX_LOW,20,2026-06-17,2026-06-23,232.6,223,255,716.0,53.42,0.448,28.6387
173,113,PANIC|HIGH_VOLATILITY|NORMAL|SPY_INSUFFICIENT_HISTORY|VIX_UNAVAILABLE,20,2026-06-17,2026-06-23,188.8,182,226,84.9,50.81,1.354,28.3489
174,97,MOMENTUM|HIGH_VOLATILITY|NORMAL|SIDEWAYS|VIX_EXTREME,20,2026-06-17,2026-06-23,315.05,315,316,48.7,58.26,1.551,28.2008
175,343,OVERSOLD|INSUFFICIENT_HISTORY|NORMAL|BULL|VIX_LOW,16,2026-06-18,2026-06-23,136.0,136,136,62.0,51.61,1.726,28.0563
176,203,PANIC|BEAR|VOLATILE|BEAR|VIX_HIGH,20,2026-06-17,2026-06-23,274.9,260,276,626.4,51.57,0.479,27.6486
177,195,MOMENTUM|HIGH_VOLATILITY|VOLATILE|BEAR|VIX_HIGH,20,2026-06-17,2026-06-23,204.35,144,212,419.3,52.38,0.568,27.2453
178,92,OVERBOUGHT|HIGH_VOLATILITY|NORMAL|HIGH_VOL|VIX_EXTREME,20,2026-06-17,2026-06-23,81.6,32,94,28.45,69.52,1.637,27.1465
179,180,MOMENTUM|SIDEWAYS|NORMAL|SIDEWAYS|VIX_LOW,20,2026-06-17,2026-06-23,142.1,141,151,243.5,57.12,0.675,26.9065
180,48,OVERSOLD|BULL|NORMAL|SIDEWAYS|VIX_ELEVATED,20,2026-06-17,2026-06-23,183.9,173,185,9.0,77.78,2.576,26.8813
181,59,MOMENTUM|SIDEWAYS|NORMAL|BEAR|VIX_ELEVATED,20,2026-06-17,2026-06-23,53.45,51,97,12.95,69.1,2.386,26.5337
182,89,OVERSOLD|HIGH_VOLATILITY|NORMAL|SIDEWAYS|VIX_HIGH,20,2026-06-17,2026-06-23,74.95,44,119,34.55,55.99,1.778,26.1686
183,222,PANIC|SIDEWAYS|NORMAL|BULL|VIX_LOW,20,2026-06-17,2026-06-23,214.75,195,218,1368.2,51.77,0.302,25.8628
184,182,PANIC|SIDEWAYS|NORMAL|BEAR|VIX_HIGH,20,2026-06-17,2026-06-23,255.8,225,263,196.75,61.05,0.661,25.3139
185,338,MOMENTUM|INSUFFICIENT_HISTORY|NORMAL|SIDEWAYS|VIX_HIGH,16,2026-06-18,2026-06-23,13.0,13,13,7.0,71.43,3.319,25.0898
186,138,PANIC|BEAR|VOLATILE|SPY_INSUFFICIENT_HISTORY|VIX_UNAVAILABLE,20,2026-06-17,2026-06-23,59.8,48,119,88.75,56.04,1.06,25.0267
187,62,OVERBOUGHT|BEAR|NORMAL|BULL|VIX_LOW,20,2026-06-17,2026-06-23,36.9,17,118,27.8,45.43,2.316,24.8095
188,164,PANIC|HIGH_VOLATILITY|NORMAL|SIDEWAYS|VIX_ELEVATED,20,2026-06-17,2026-06-23,85.85,80,116,153.5,50.67,0.86,24.1445
189,86,OVERBOUGHT|SIDEWAYS|NORMAL|BEAR|VIX_ELEVATED,20,2026-06-17,2026-06-23,103.1,91,189,11.95,83.25,1.864,23.9899
190,162,OVERSOLD|INSUFFICIENT_HISTORY|NORMAL|SPY_INSUFFICIENT_HISTORY|VIX_HIGH,20,2026-06-17,2026-06-23,193.35,192,204,126.3,54.6,0.873,23.9565
191,58,OVERBOUGHT|BEAR|NORMAL|HIGH_VOL|VIX_HIGH,20,2026-06-17,2026-06-23,11.0,11,11,5.0,100.0,2.392,23.92
192,156,PANIC|BULL|VOLATILE|SIDEWAYS|VIX_LOW,20,2026-06-17,2026-06-23,96.3,59,103,113.4,54.84,0.912,23.8185
193,185,MOMENTUM|SIDEWAYS|NORMAL|BULL|VIX_HIGH,20,2026-06-17,2026-06-23,200.6,154,205,248.5,50.85,0.654,23.4448
194,337,PANIC|INSUFFICIENT_HISTORY|VOLATILE|SIDEWAYS|VIX_LOW,16,2026-06-18,2026-06-23,22.0,22,22,6.0,66.67,3.569,23.3138
195,209,OVERSOLD|SIDEWAYS|NORMAL|BULL|VIX_ELEVATED,20,2026-06-17,2026-06-23,245.75,188,262,492.05,52.11,0.446,23.0556
196,102,PANIC|SIDEWAYS|VOLATILE|BULL|VIX_EXTREME,20,2026-06-17,2026-06-23,53.6,45,55,40.4,54.69,1.432,22.2616
197,91,MOMENTUM|BULL|NORMAL|HIGH_VOL|VIX_HIGH,20,2026-06-17,2026-06-23,109.85,106,126,22.8,60.51,1.689,21.8242
198,193,OVERBOUGHT|BULL|NORMAL|SIDEWAYS|VIX_LOW,20,2026-06-17,2026-06-23,235.4,217,240,186.7,58.95,0.581,20.9289
199,226,PANIC|BEAR|VOLATILE|BULL|VIX_ELEVATED,20,2026-06-17,2026-06-23,237.35,196,246,950.8,51.09,0.295,20.7834
200,212,MOMENTUM|SIDEWAYS|VOLATILE|BEAR|VIX_HIGH,20,2026-06-17,2026-06-23,233.85,211,239,366.3,56.08,0.431,20.688
201,336,MOMENTUM|INSUFFICIENT_HISTORY|VOLATILE|SIDEWAYS|VIX_LOW,16,2026-06-18,2026-06-23,5.0,5,5,8.0,50.0,3.629,20.5287
202,339,OVERSOLD|INSUFFICIENT_HISTORY|NORMAL|SPY_INSUFFICIENT_HISTORY|VIX_UNAVAILABLE,16,2026-06-18,2026-06-23,340.0,340,340,7.0,71.43,2.709,20.4785
203,176,MOMENTUM|BEAR|VOLATILE|HIGH_VOL|VIX_HIGH,20,2026-06-17,2026-06-23,223.2,179,232,84.6,63.31,0.735,19.1408
204,340,MOMENTUM|INSUFFICIENT_HISTORY|NORMAL|SIDEWAYS|VIX_ELEVATED,16,2026-06-18,2026-06-23,30.0,30,30,13.0,53.85,2.459,19.0975
205,117,OVERBOUGHT|BULL|NORMAL|SIDEWAYS|VIX_EXTREME,20,2026-06-17,2026-06-23,231.6,229,249,28.95,62.0,1.275,19.0213
206,154,MOMENTUM|HIGH_VOLATILITY|NORMAL|HIGH_VOL|VIX_EXTREME,20,2026-06-17,2026-06-23,137.1,131,171,69.6,54.73,0.918,18.7451
207,328,PANIC|INSUFFICIENT_HISTORY|NORMAL|BULL|VIX_HIGH,19,2026-06-17,2026-06-23,96.47,35,108,10.89,51.58,2.428,18.0144
208,216,OVERSOLD|SIDEWAYS|NORMAL|SIDEWAYS|VIX_HIGH,20,2026-06-17,2026-06-23,222.25,218,225,368.0,53.93,0.387,17.9052
209,224,OVERSOLD|SIDEWAYS|NORMAL|BULL|VIX_LOW,20,2026-06-17,2026-06-23,223.05,221,233,646.1,52.4,0.299,17.8101
210,112,PANIC|BULL|VOLATILE|HIGH_VOL|VIX_HIGH,20,2026-06-17,2026-06-23,78.05,61,81,15.8,71.02,1.384,17.4727
211,123,OVERSOLD|BULL|NORMAL|BULL|VIX_LOW,20,2026-06-17,2026-06-23,182.4,135,193,42.3,50.15,1.179,17.1977
212,116,MOMENTUM|BEAR|NORMAL|BEAR|VIX_ELEVATED,20,2026-06-17,2026-06-23,214.55,124,285,17.4,69.0,1.31,16.862
213,233,MOMENTUM|SIDEWAYS|VOLATILE|BULL|VIX_ELEVATED,20,2026-06-17,2026-06-23,279.55,268,282,1948.95,50.52,0.169,16.8564
214,211,OVERBOUGHT|SIDEWAYS|NORMAL|SIDEWAYS|VIX_LOW,20,2026-06-17,2026-06-23,235.1,170,250,177.9,64.07,0.44,16.8155
215,127,MOMENTUM|BULL|NORMAL|HIGH_VOL|VIX_EXTREME,20,2026-06-17,2026-06-23,109.55,102,111,27.8,60.98,1.153,16.5788
216,137,PANIC|BEAR|NORMAL|HIGH_VOL|VIX_HIGH,20,2026-06-17,2026-06-23,44.65,34,47,33.5,60.18,1.063,16.5586
217,228,OVERBOUGHT|SIDEWAYS|NORMAL|BULL|VIX_ELEVATED,20,2026-06-17,2026-06-23,268.05,240,274,597.1,52.09,0.282,16.0525
218,80,MOMENTUM|BULL|NORMAL|BEAR|VIX_ELEVATED,20,2026-06-17,2026-06-23,105.1,81,110,9.8,59.11,1.923,15.9136
219,181,MOMENTUM|BEAR|NORMAL|BEAR|VIX_EXTREME,20,2026-06-17,2026-06-23,172.8,143,180,71.95,62.61,0.667,15.8416
220,223,MOMENTUM|BEAR|NORMAL|BULL|VIX_LOW,20,2026-06-17,2026-06-23,255.7,240,260,448.65,53.71,0.299,15.2123
221,140,OVERBOUGHT|BULL|NORMAL|HIGH_VOL|VIX_HIGH,20,2026-06-17,2026-06-23,93.65,93,97,18.8,73.39,1.051,14.9566
222,183,PANIC|INSUFFICIENT_HISTORY|NORMAL|SPY_INSUFFICIENT_HISTORY|VIX_EXTREME,20,2026-06-17,2026-06-23,194.3,138,208,90.45,50.62,0.661,14.2312
223,172,MOMENTUM|SIDEWAYS|VOLATILE|BEAR|VIX_ELEVATED,20,2026-06-17,2026-06-23,255.7,123,288,40.15,60.74,0.775,13.3393
224,202,PANIC|BEAR|NORMAL|BULL|VIX_HIGH,20,2026-06-17,2026-06-23,218.1,154,233,131.95,50.36,0.501,12.9611
225,197,PANIC|BULL|VOLATILE|BEAR|VIX_EXTREME,20,2026-06-17,2026-06-23,251.6,247,270,80.55,57.27,0.541,12.4358
226,204,PANIC|INSUFFICIENT_HISTORY|VOLATILE|BULL|VIX_LOW,20,2026-06-17,2026-06-23,178.25,58,207,174.8,43.46,0.477,12.2573
227,173,OVERSOLD|INSUFFICIENT_HISTORY|NORMAL|SPY_INSUFFICIENT_HISTORY|VIX_EXTREME,20,2026-06-17,2026-06-23,85.85,63,91,45.45,50.49,0.77,11.7214
228,179,PANIC|INSUFFICIENT_HISTORY|VOLATILE|BULL|VIX_ELEVATED,20,2026-06-17,2026-06-23,248.2,121,281,108.05,36.14,0.68,11.4242
229,342,OVERSOLD|BEAR|NORMAL|BEAR|VIX_ELEVATED,16,2026-06-18,2026-06-23,334.0,334,334,7.0,57.14,1.831,11.0723
230,188,PANIC|SIDEWAYS|NORMAL|SPY_INSUFFICIENT_HISTORY|VIX_UNAVAILABLE,20,2026-06-17,2026-06-23,78.95,77,88,61.75,48.34,0.639,10.8553
231,237,MOMENTUM|SIDEWAYS|NORMAL|BULL|VIX_ELEVATED,20,2026-06-17,2026-06-23,277.3,264,281,1048.8,48.74,0.153,10.8004
232,225,MOMENTUM|BULL|NORMAL|SIDEWAYS|VIX_LOW,20,2026-06-17,2026-06-23,167.6,132,176,196.45,57.72,0.295,10.6731
233,227,MOMENTUM|HIGH_VOLATILITY|NORMAL|BULL|VIX_ELEVATED,20,2026-06-17,2026-06-23,217.85,141,237,271.7,48.78,0.294,10.5718
234,220,PANIC|SIDEWAYS|NORMAL|SIDEWAYS|VIX_LOW,20,2026-06-17,2026-06-23,231.3,213,235,179.6,53.2,0.331,10.5538
235,239,MOMENTUM|INSUFFICIENT_HISTORY|VOLATILE|SPY_INSUFFICIENT_HISTORY|VIX_HIGH,20,2026-06-17,2026-06-23,260.85,236,265,902.85,53.7,0.139,10.0303
236,232,PANIC|BEAR|NORMAL|SIDEWAYS|VIX_ELEVATED,20,2026-06-17,2026-06-23,274.8,255,279,423.9,53.91,0.199,9.878
237,214,OVERSOLD|SIDEWAYS|NORMAL|SIDEWAYS|VIX_LOW,20,2026-06-17,2026-06-23,177.85,160,181,58.8,65.98,0.404,9.1411
238,238,PANIC|INSUFFICIENT_HISTORY|VOLATILE|SPY_INSUFFICIENT_HISTORY|VIX_HIGH,20,2026-06-17,2026-06-23,275.8,265,277,776.75,50.76,0.144,9.1104
239,231,MOMENTUM|BULL|VOLATILE|BEAR|VIX_HIGH,20,2026-06-17,2026-06-23,269.35,267,272,243.5,53.46,0.231,8.618
240,221,OVERSOLD|SIDEWAYS|NORMAL|BULL|VIX_HIGH,20,2026-06-17,2026-06-23,111.1,93,115,121.8,54.8,0.312,8.4387
241,207,MOMENTUM|SIDEWAYS|NORMAL|BEAR|VIX_EXTREME,20,2026-06-17,2026-06-23,263.3,147,291,56.9,51.25,0.462,7.9874
242,126,OVERSOLD|HIGH_VOLATILITY|NORMAL|BEAR|VIX_HIGH,20,2026-06-17,2026-06-23,53.75,24,58,19.8,32.66,1.154,7.5001
243,191,OVERSOLD|SIDEWAYS|NORMAL|SPY_INSUFFICIENT_HISTORY|VIX_UNAVAILABLE,20,2026-06-17,2026-06-23,141.9,128,145,35.65,46.09,0.599,7.3719
244,174,MOMENTUM|HIGH_VOLATILITY|NORMAL|BEAR|VIX_ELEVATED,20,2026-06-17,2026-06-23,284.15,275,321,6.6,69.14,0.761,6.0451
245,175,OVERSOLD|INSUFFICIENT_HISTORY|NORMAL|SIDEWAYS|VIX_ELEVATED,20,2026-06-17,2026-06-23,299.95,292,301,10.6,52.0,0.761,5.7618
246,345,PANIC|HIGH_VOLATILITY|NORMAL|BULL|VIX_EXTREME,16,2026-06-18,2026-06-23,21.0,21,21,10.0,50.0,0.853,5.3948
247,346,OVERBOUGHT|INSUFFICIENT_HISTORY|NORMAL|BULL|VIX_ELEVATED,16,2026-06-18,2026-06-23,292.0,292,292,11.0,72.73,0.541,5.22
248,243,OVERSOLD|BEAR|NORMAL|BULL|VIX_LOW,20,2026-06-17,2026-06-23,282.45,247,290,478.7,47.37,0.105,4.8668
249,241,MOMENTUM|SIDEWAYS|VOLATILE|SIDEWAYS|VIX_LOW,20,2026-06-17,2026-06-23,229.2,202,234,353.5,52.43,0.108,4.7612
250,240,PANIC|HIGH_VOLATILITY|VOLATILE|BEAR|VIX_EXTREME,20,2026-06-17,2026-06-23,168.1,159,170,243.35,54.26,0.121,4.5803
251,344,OVERBOUGHT|HIGH_VOLATILITY|NORMAL|BEAR|VIX_HIGH,16,2026-06-18,2026-06-23,60.0,60,60,5.0,40.0,1.216,4.3505
252,348,OVERSOLD|BULL|NORMAL|SIDEWAYS|VIX_HIGH,16,2026-06-18,2026-06-23,305.06,305,306,8.0,87.5,0.41,4.0588
253,242,PANIC|SIDEWAYS|VOLATILE|SIDEWAYS|VIX_LOW,20,2026-06-17,2026-06-23,191.55,187,212,206.8,52.63,0.106,3.5878
254,347,PANIC|INSUFFICIENT_HISTORY|NORMAL|SIDEWAYS|VIX_HIGH,16,2026-06-18,2026-06-23,339.0,339,339,14.0,50.0,0.415,3.1056
255,235,MOMENTUM|BEAR|NORMAL|SPY_INSUFFICIENT_HISTORY|VIX_UNAVAILABLE,20,2026-06-17,2026-06-23,148.45,133,167,56.2,57.37,0.159,3.0582
256,230,PANIC|BEAR|VOLATILE|BULL|VIX_EXTREME,20,2026-06-17,2026-06-23,238.6,224,298,12.6,60.14,0.256,2.444
257,229,PANIC|SIDEWAYS|NORMAL|BULL|VIX_EXTREME,20,2026-06-17,2026-06-23,150.8,132,232,15.9,52.35,0.26,2.4272
258,217,PANIC|BULL|NORMAL|HIGH_VOL|VIX_HIGH,20,2026-06-17,2026-06-23,226.25,162,241,8.8,45.55,0.384,2.3205
259,236,MOMENTUM|BEAR|NORMAL|HIGH_VOL|VIX_HIGH,20,2026-06-17,2026-06-23,68.05,63,69,29.45,53.12,0.154,1.9853
260,244,MOMENTUM|INSUFFICIENT_HISTORY|VOLATILE|BULL|VIX_ELEVATED,20,2026-06-17,2026-06-23,256.35,78,297,107.45,38.29,0.073,1.2958
261,234,OVERSOLD|HIGH_VOLATILITY|NORMAL|HIGH_VOL|VIX_HIGH,20,2026-06-17,2026-06-23,66.2,36,73,8.55,52.54,0.163,1.1199
262,329,OVERBOUGHT|INSUFFICIENT_HISTORY|NORMAL|BULL|VIX_HIGH,19,2026-06-17,2026-06-23,43.58,36,84,7.53,58.95,0.151,1.0647
263,247,OVERSOLD|BEAR|NORMAL|BULL|VIX_ELEVATED,20,2026-06-17,2026-06-23,250.3,180,267,364.6,53.66,0.016,0.7332
264,246,PANIC|SIDEWAYS|NORMAL|BEAR|VIX_EXTREME,20,2026-06-17,2026-06-23,283.3,216,299,78.6,56.88,0.023,0.5187
265,245,MOMENTUM|BEAR|NORMAL|SIDEWAYS|VIX_LOW,20,2026-06-17,2026-06-23,144.95,119,250,47.9,44.27,0.034,0.4659
266,353,OVERBOUGHT|BULL|NORMAL|BEAR|VIX_EXTREME,16,2026-06-18,2026-06-23,348.0,348,348,5.0,0.0,-5.679,-0.0
267,248,OVERSOLD|SIDEWAYS|NORMAL|BEAR|VIX_EXTREME,20,2026-06-17,2026-06-23,137.7,127,183,39.0,64.28,-0.003,-0.0539
268,250,MOMENTUM|BEAR|VOLATILE|SPY_INSUFFICIENT_HISTORY|VIX_UNAVAILABLE,20,2026-06-17,2026-06-23,80.35,54,87,76.3,46.27,-0.009,-0.1627
269,249,MOMENTUM|INSUFFICIENT_HISTORY|NORMAL|SPY_INSUFFICIENT_HISTORY|VIX_ELEVATED,20,2026-06-17,2026-06-23,249.7,212,257,203.3,52.17,-0.008,-0.2661
270,253,OVERBOUGHT|BULL|NORMAL|HIGH_VOL|VIX_EXTREME,20,2026-06-17,2026-06-23,245.1,102,254,8.9,45.08,-0.054,-0.3248
271,330,OVERSOLD|INSUFFICIENT_HISTORY|NORMAL|BULL|VIX_ELEVATED,19,2026-06-17,2026-06-23,243.63,23,285,17.95,55.64,-0.066,-0.6782
272,254,PANIC|BULL|VOLATILE|HIGH_VOL|VIX_EXTREME,20,2026-06-17,2026-06-23,80.4,62,82,47.25,64.54,-0.065,-1.2896
273,331,OVERSOLD|INSUFFICIENT_HISTORY|NORMAL|BULL|VIX_HIGH,19,2026-06-17,2026-06-23,302.95,260,311,8.68,55.81,-0.182,-1.3044
274,251,OVERBOUGHT|SIDEWAYS|NORMAL|SIDEWAYS|VIX_ELEVATED,20,2026-06-17,2026-06-23,242.15,194,249,413.85,54.01,-0.031,-1.5233
275,256,OVERBOUGHT|HIGH_VOLATILITY|NORMAL|SIDEWAYS|VIX_ELEVATED,20,2026-06-17,2026-06-23,278.4,76,307,69.45,45.67,-0.091,-1.5489
276,260,MOMENTUM|SIDEWAYS|NORMAL|HIGH_VOL|VIX_HIGH,20,2026-06-17,2026-06-23,186.55,173,242,33.0,43.17,-0.161,-1.7856
277,258,MOMENTUM|BEAR|NORMAL|BULL|VIX_HIGH,20,2026-06-17,2026-06-23,211.9,157,220,70.3,42.3,-0.114,-1.8082
278,252,MOMENTUM|BEAR|VOLATILE|BULL|VIX_ELEVATED,20,2026-06-17,2026-06-23,255.45,231,263,661.25,44.69,-0.038,-1.953
279,266,PANIC|SIDEWAYS|NORMAL|BEAR|VIX_ELEVATED,20,2026-06-17,2026-06-23,333.05,315,337,9.0,55.56,-0.267,-1.9903
280,255,MOMENTUM|BEAR|VOLATILE|BULL|VIX_HIGH,20,2026-06-17,2026-06-23,155.3,128,162,167.4,49.0,-0.071,-2.013
281,273,PANIC|INSUFFICIENT_HISTORY|NORMAL|SPY_INSUFFICIENT_HISTORY|VIX_UNAVAILABLE,20,2026-06-17,2026-06-23,236.8,215,325,17.0,42.58,-0.322,-2.5281
282,284,PANIC|BEAR|NORMAL|BEAR|VIX_ELEVATED,20,2026-06-17,2026-06-23,324.4,235,331,10.75,27.0,-0.642,-2.5417
283,257,PANIC|BULL|NORMAL|SIDEWAYS|VIX_LOW,20,2026-06-17,2026-06-23,223.25,214,273,113.55,50.61,-0.109,-2.6289
284,349,OVERBOUGHT|INSUFFICIENT_HISTORY|NORMAL|SIDEWAYS|VIX_ELEVATED,16,2026-06-18,2026-06-23,90.0,90,90,6.0,33.33,-0.898,-2.9326
285,265,MOMENTUM|INSUFFICIENT_HISTORY|VOLATILE|SIDEWAYS|VIX_ELEVATED,20,2026-06-17,2026-06-23,142.9,134,144,46.0,46.92,-0.221,-3.1452
286,261,MOMENTUM|BEAR|VOLATILE|SIDEWAYS|VIX_LOW,20,2026-06-17,2026-06-23,185.55,161,290,88.15,44.87,-0.167,-3.1463
287,259,PANIC|HIGH_VOLATILITY|NORMAL|BEAR|VIX_HIGH,20,2026-06-17,2026-06-23,332.55,310,338,86.9,49.27,-0.158,-3.2454
288,270,PANIC|INSUFFICIENT_HISTORY|NORMAL|BULL|VIX_ELEVATED,20,2026-06-17,2026-06-23,277.55,239,288,41.35,40.34,-0.292,-3.3874
289,267,MOMENTUM|BEAR|NORMAL|HIGH_VOL|VIX_EXTREME,20,2026-06-17,2026-06-23,320.6,304,324,31.2,52.05,-0.27,-3.5106
290,288,OVERSOLD|HIGH_VOLATILITY|NORMAL|SIDEWAYS|VIX_LOW,20,2026-06-17,2026-06-23,302.3,298,320,8.2,39.55,-0.699,-3.5403
291,275,MOMENTUM|HIGH_VOLATILITY|NORMAL|SIDEWAYS|VIX_LOW,20,2026-06-17,2026-06-23,273.75,86,287,23.45,48.27,-0.456,-4.7668
292,264,MOMENTUM|HIGH_VOLATILITY|NORMAL|SIDEWAYS|VIX_HIGH,20,2026-06-17,2026-06-23,170.8,98,189,165.95,48.24,-0.201,-5.5861
293,274,MOMENTUM|BULL|NORMAL|BEAR|VIX_EXTREME,20,2026-06-17,2026-06-23,127.5,104,271,26.6,56.19,-0.438,-5.6766
294,281,PANIC|SIDEWAYS|NORMAL|HIGH_VOL|VIX_HIGH,20,2026-06-17,2026-06-23,238.8,99,273,26.2,47.67,-0.596,-6.5036
295,310,OVERSOLD|BEAR|NORMAL|BULL|VIX_EXTREME,20,2026-06-17,2026-06-23,340.25,323,344,5.8,34.66,-1.837,-6.8575
296,290,OVERBOUGHT|BEAR|NORMAL|SIDEWAYS|VIX_ELEVATED,20,2026-06-17,2026-06-23,238.9,238,244,13.2,57.71,-0.736,-6.9013
297,262,MOMENTUM|BEAR|NORMAL|SIDEWAYS|VIX_ELEVATED,20,2026-06-17,2026-06-23,226.95,225,236,284.1,49.78,-0.192,-7.2045
298,269,OVERSOLD|BEAR|NORMAL|BEAR|VIX_HIGH,20,2026-06-17,2026-06-23,297.55,279,302,135.65,49.95,-0.291,-7.571
299,307,PANIC|BEAR|VOLATILE|BEAR|VIX_ELEVATED,20,2026-06-17,2026-06-23,247.05,155,306,10.65,34.33,-1.534,-7.6858
300,351,MOMENTUM|SIDEWAYS|VOLATILE|SPY_INSUFFICIENT_HISTORY|VIX_ELEVATED,16,2026-06-18,2026-06-23,343.0,343,343,6.12,32.81,-2.421,-7.8603
301,277,OVERSOLD|SIDEWAYS|NORMAL|BEAR|VIX_HIGH,20,2026-06-17,2026-06-23,108.05,102,148,45.95,49.65,-0.533,-8.0224
302,332,MOMENTUM|INSUFFICIENT_HISTORY|NORMAL|BULL|VIX_HIGH,19,2026-06-17,2026-06-23,327.32,313,330,12.37,54.12,-0.972,-8.0647
303,322,OVERBOUGHT|INSUFFICIENT_HISTORY|NORMAL|BULL|VIX_LOW,20,2026-06-17,2026-06-23,54.7,17,64,16.2,12.63,-3.597,-8.1774
304,292,MOMENTUM|INSUFFICIENT_HISTORY|NORMAL|SPY_INSUFFICIENT_HISTORY|VIX_UNAVAILABLE,20,2026-06-17,2026-06-23,93.55,46,284,16.2,53.34,-0.857,-8.2282
305,301,PANIC|SIDEWAYS|VOLATILE|BEAR|VIX_ELEVATED,20,2026-06-17,2026-06-23,326.6,302,332,10.8,46.36,-1.229,-8.3738
306,318,OVERBOUGHT|BULL|NORMAL|BEAR|VIX_ELEVATED,20,2026-06-17,2026-06-23,307.85,289,312,8.0,25.0,-2.761,-8.731
307,296,OVERSOLD|BULL|NORMAL|BULL|VIX_ELEVATED,20,2026-06-17,2026-06-23,205.5,194,277,26.2,40.59,-0.99,-9.1986
308,278,MOMENTUM|INSUFFICIENT_HISTORY|NORMAL|SPY_INSUFFICIENT_HISTORY|VIX_EXTREME,20,2026-06-17,2026-06-23,299.0,293,301,50.9,56.69,-0.538,-9.7311
309,272,PANIC|INSUFFICIENT_HISTORY|VOLATILE|SPY_INSUFFICIENT_HISTORY|VIX_ELEVATED,20,2026-06-17,2026-06-23,183.15,91,203,253.25,43.42,-0.317,-9.7958
310,286,PANIC|BEAR|NORMAL|SIDEWAYS|VIX_LOW,20,2026-06-17,2026-06-23,297.65,274,303,70.65,39.04,-0.677,-9.935
311,291,OVERSOLD|BEAR|NORMAL|SPY_INSUFFICIENT_HISTORY|VIX_UNAVAILABLE,20,2026-06-17,2026-06-23,218.1,77,253,41.25,46.56,-0.747,-9.9899
312,302,OVERBOUGHT|HIGH_VOLATILITY|NORMAL|SIDEWAYS|VIX_LOW,20,2026-06-17,2026-06-23,331.9,312,335,22.05,42.62,-1.273,-11.3936
313,300,PANIC|BULL|NORMAL|HIGH_VOL|VIX_EXTREME,20,2026-06-17,2026-06-23,291.1,278,294,19.9,50.0,-1.145,-11.4213
314,293,PANIC|HIGH_VOLATILITY|NORMAL|BEAR|VIX_EXTREME,20,2026-06-17,2026-06-23,309.5,298,316,31.55,53.23,-0.893,-11.9405
315,280,MOMENTUM|SIDEWAYS|VOLATILE|HIGH_VOL|VIX_HIGH,20,2026-06-17,2026-06-23,310.65,287,316,95.7,46.7,-0.594,-12.136
316,323,OVERSOLD|INSUFFICIENT_HISTORY|NORMAL|SPY_INSUFFICIENT_HISTORY|VIX_ELEVATED,20,2026-06-17,2026-06-23,328.7,269,341,26.45,14.32,-3.745,-12.3345
317,287,PANIC|BULL|NORMAL|BEAR|VIX_HIGH,20,2026-06-17,2026-06-23,319.1,302,323,78.3,46.68,-0.678,-12.5244
318,276,PANIC|INSUFFICIENT_HISTORY|NORMAL|SPY_INSUFFICIENT_HISTORY|VIX_ELEVATED,20,2026-06-17,2026-06-23,278.05,244,281,183.4,47.5,-0.481,-13.8374
319,263,PANIC|BEAR|VOLATILE|BULL|VIX_LOW,20,2026-06-17,2026-06-23,252.85,195,264,1074.5,49.12,-0.196,-14.1134
320,268,PANIC|BEAR|NORMAL|BULL|VIX_ELEVATED,20,2026-06-17,2026-06-23,280.4,258,286,481.9,50.66,-0.29,-14.423
321,352,PANIC|INSUFFICIENT_HISTORY|NORMAL|SIDEWAYS|VIX_ELEVATED,16,2026-06-18,2026-06-23,319.0,319,319,20.0,25.0,-3.368,-15.0622
322,308,PANIC|HIGH_VOLATILITY|VOLATILE|BULL|VIX_EXTREME,20,2026-06-17,2026-06-23,288.9,284,309,42.25,33.43,-1.613,-15.6747
323,305,PANIC|BULL|NORMAL|BEAR|VIX_EXTREME,20,2026-06-17,2026-06-23,324.95,305,329,25.6,46.52,-1.49,-15.6841
324,285,MOMENTUM|BULL|VOLATILE|BEAR|VIX_EXTREME,20,2026-06-17,2026-06-23,299.95,279,305,92.2,54.19,-0.675,-15.7074
325,279,PANIC|SIDEWAYS|VOLATILE|SPY_INSUFFICIENT_HISTORY|VIX_UNAVAILABLE,20,2026-06-17,2026-06-23,304.85,295,308,147.3,51.54,-0.566,-15.8335
326,271,PANIC|BEAR|NORMAL|BULL|VIX_LOW,20,2026-06-17,2026-06-23,281.2,257,287,627.65,47.81,-0.307,-16.4449
327,316,MOMENTUM|INSUFFICIENT_HISTORY|NORMAL|BULL|VIX_ELEVATED,20,2026-06-17,2026-06-23,66.8,12,324,31.05,27.39,-2.427,-16.5656
328,350,OVERSOLD|INSUFFICIENT_HISTORY|NORMAL|SIDEWAYS|VIX_HIGH,16,2026-06-18,2026-06-23,326.0,326,326,10.0,60.0,-2.212,-16.7879
329,295,MOMENTUM|SIDEWAYS|NORMAL|HIGH_VOL|VIX_EXTREME,20,2026-06-17,2026-06-23,289.15,202,310,36.6,64.08,-0.974,-16.8864
330,313,OVERSOLD|HIGH_VOLATILITY|NORMAL|BEAR|VIX_EXTREME,20,2026-06-17,2026-06-23,209.95,58,246,28.2,37.69,-2.022,-18.0987
331,294,MOMENTUM|BULL|NORMAL|BEAR|VIX_HIGH,20,2026-06-17,2026-06-23,318.2,300,322,98.8,45.32,-0.904,-18.2118
332,303,PANIC|INSUFFICIENT_HISTORY|VOLATILE|SIDEWAYS|VIX_ELEVATED,20,2026-06-17,2026-06-23,224.4,146,242,50.4,45.86,-1.321,-19.2339
333,314,MOMENTUM|HIGH_VOLATILITY|VOLATILE|BULL|VIX_EXTREME,20,2026-06-17,2026-06-23,343.55,326,347,21.55,40.53,-2.305,-19.3948
334,299,OVERSOLD|BEAR|NORMAL|SIDEWAYS|VIX_LOW,20,2026-06-17,2026-06-23,314.8,299,318,88.55,43.34,-1.112,-20.2816
335,282,MOMENTUM|HIGH_VOLATILITY|VOLATILE|SIDEWAYS|VIX_EXTREME,20,2026-06-17,2026-06-23,325.9,317,327,325.25,47.3,-0.635,-24.2247
336,320,PANIC|HIGH_VOLATILITY|VOLATILE|BEAR|VIX_ELEVATED,20,2026-06-17,2026-06-23,343.75,319,349,25.75,34.97,-3.23,-25.6331
337,283,MOMENTUM|BEAR|NORMAL|BULL|VIX_ELEVATED,20,2026-06-17,2026-06-23,303.65,286,308,358.3,47.24,-0.641,-25.6334
338,304,MOMENTUM|BULL|VOLATILE|HIGH_VOL|VIX_EXTREME,20,2026-06-17,2026-06-23,315.8,293,320,84.65,46.8,-1.337,-25.7458
339,298,MOMENTUM|INSUFFICIENT_HISTORY|VOLATILE|SPY_INSUFFICIENT_HISTORY|VIX_EXTREME,20,2026-06-17,2026-06-23,289.9,276,293,144.35,47.23,-1.037,-26.316
340,297,MOMENTUM|BEAR|VOLATILE|HIGH_VOL|VIX_EXTREME,20,2026-06-17,2026-06-23,320.4,299,325,109.8,55.39,-1.031,-26.7612
341,289,MOMENTUM|INSUFFICIENT_HISTORY|VOLATILE|SPY_INSUFFICIENT_HISTORY|VIX_ELEVATED,20,2026-06-17,2026-06-23,291.5,266,296,370.75,46.29,-0.708,-28.2212
342,311,PANIC|BEAR|VOLATILE|SIDEWAYS|VIX_LOW,20,2026-06-17,2026-06-23,305.05,263,314,122.15,35.82,-1.899,-33.6211
343,319,OVERBOUGHT|BULL|NORMAL|BEAR|VIX_HIGH,20,2026-06-17,2026-06-23,318.0,303,321,56.0,36.63,-2.938,-36.0162
344,312,PANIC|BEAR|NORMAL|HIGH_VOL|VIX_EXTREME,20,2026-06-17,2026-06-23,332.55,291,342,52.2,59.71,-1.912,-36.888
345,317,OVERSOLD|BEAR|NORMAL|HIGH_VOL|VIX_EXTREME,20,2026-06-17,2026-06-23,338.55,309,345,36.4,55.13,-2.529,-37.6186
346,324,MOMENTUM|HIGH_VOLATILITY|NORMAL|BEAR|VIX_EXTREME,20,2026-06-17,2026-06-23,345.85,327,350,19.55,47.1,-4.345,-40.4668
347,306,PANIC|BULL|VOLATILE|BEAR|VIX_HIGH,20,2026-06-17,2026-06-23,332.05,314,336,161.55,47.51,-1.53,-41.3185
348,327,OVERSOLD|SIDEWAYS|NORMAL|HIGH_VOL|VIX_EXTREME,20,2026-06-17,2026-06-23,348.6,328,353,13.2,28.86,-11.008,-51.6187
349,309,MOMENTUM|HIGH_VOLATILITY|VOLATILE|BEAR|VIX_EXTREME,20,2026-06-17,2026-06-23,324.85,312,328,165.8,50.34,-1.813,-52.5555
350,325,PANIC|SIDEWAYS|NORMAL|HIGH_VOL|VIX_EXTREME,20,2026-06-17,2026-06-23,341.3,295,351,35.75,52.79,-4.455,-62.8858
351,315,PANIC|BEAR|VOLATILE|HIGH_VOL|VIX_EXTREME,20,2026-06-17,2026-06-23,320.15,268,333,166.75,56.61,-2.357,-77.055
352,321,MOMENTUM|SIDEWAYS|VOLATILE|HIGH_VOL|VIX_EXTREME,20,2026-06-17,2026-06-23,341.95,322,346,137.6,49.29,-3.417,-88.3544
353,326,PANIC|SIDEWAYS|VOLATILE|HIGH_VOL|VIX_EXTREME,20,2026-06-17,2026-06-23,347.05,325,352,173.85,50.98,-5.121,-153.9419
