Date,Ticker,Headline,Source,Summary,URL,FetchedAtUTC
2026-06-23,MARKET,Gold falls as dollar holds firm on Fed rate-hike expectations - Reuters,Reuters,Gold falls as dollar holds firm on Fed rate-hike expectations  Reuters,https://news.google.com/rss/articles/CBMimwFBVV95cUxNUVBUOEYtdFRVZ0FwQ2pUYXpSUFQ1YjhZdHh6RjU2ZzV5RzdRUGtjajlLRTBIUDBoYk5ZcXcwNTE5UmZZVnR5aDVHR2MzVG5UUlE5TEVnTGo0VnplM2FuZnk3SnpQNmJ2ZnpSZ1A4RWhVcU5DUnBMUUh3YXFTUkktZGJXV25TSzBOODNaYm93ckJ0NUZDOF9pazlHRQ?oc=5,2026-06-23T06:23:34.734352+00:00
2026-06-22,MARKET,"S&P 500, Nasdaq close lower, dragged by Alphabet and megacap tech; focus on Iran - Reuters",Reuters,"S&P 500, Nasdaq close lower, dragged by Alphabet and megacap tech; focus on Iran  Reuters",https://news.google.com/rss/articles/CBMiqAFBVV95cUxNTDQxcFBhNUJhWlNpLXhmbHBEcUMxSG00alpWU2t3bGpwWU82RUFLZmVFWklDZWpJSjg0a2dYdm14bkoxN3BYanhxUTMyZGprZ25rVlpCXzNQV3NaQmlUcVMydlp5eEdUQ1FMWU92ckNXWjhzTWt5R3NvNTV0UmFtbkhjTExKRm1hWlNPWThBemtwMExrWm9jcFFac2VHZVpmMmFYRGx1dWc?oc=5,2026-06-23T06:23:34.734674+00:00
2026-06-22,MARKET,Ro Khanna challenges Elon Musk to televised debate after online DOGE battle,CNBC,"Rep. Ro Khanna, D-Calif., has been a critic of the Elon-Musk-led Department of Government Efficiency cuts.",https://www.cnbc.com/2026/06/22/ro-khanna-challenges-elon-musk-to-televised-debate-after-doge-battle.html,2026-06-23T06:23:34.734853+00:00
2026-06-22,MARKET,Trump: 'I will do what I have to do' if Iran does not stick to deal - Reuters,Reuters,Trump: 'I will do what I have to do' if Iran does not stick to deal  Reuters,https://news.google.com/rss/articles/CBMiogFBVV95cUxOMWlPQmY1RnVVZlNjT1l4eFRRTnBnd1NPZzdLdU9EU3gybERGNHlJeFRpNTVxMzliRS1MMzBOMW03NU5GeHVmMEN1Zm0xeHY2cjVSV05FbmdTdFl6cXhvbzZnZ25NdVJQQmhxZ3FjLUZWVUFnNGF6RFZwT00wMjVHbXBTNkNUWFdLMTgtNWRFV3AzdXlqRWdOT0NVTFVZbFhDbnc?oc=5,2026-06-23T06:23:34.735014+00:00
2026-06-22,MARKET,'We'll see' — Trump hedges on guarantee Iran won't use oil profits to rebuild military,CNBC,Treasury Secretary Scott Bessent authorized the import of Iranian oil and refined products into the U.S. through at least August.,https://www.cnbc.com/2026/06/22/trump-iran-war-oil-profits-rebuild-military.html,2026-06-23T06:23:34.735168+00:00
2026-06-22,MARKET,"Iran energy crisis will drive global electrification, IEA chief says - Reuters",Reuters,"Iran energy crisis will drive global electrification, IEA chief says  Reuters",https://news.google.com/rss/articles/CBMiuwFBVV95cUxPRHhkYkJwRlZ5Qk0zZFVZMGJLR19WcVBUVUhMVEtPZ2NUQkotNXBHbVJ4SlU3YXZRdHVuTVdxRVBiTk1XcGFYQUVsMmtZTE1KS08wRjhzZVNsN215cGdsY2xSMTRtM3EwS1ZjWFhfczl1dTA3Tl96Y3d5aFhGdkViWXdzYnNGYXNLUUhTMEZtS1dTTnV1UmFzemNKSzNESmZZRmIxdVdaYUdGTThDRU5ONGN5NU01S0haYmdR?oc=5,2026-06-23T06:23:34.735319+00:00
2026-06-22,MARKET,Apple is a notable outlier in Monday's drubbing of mega-cap tech stocks,CNBC,"Every weekday, the Investing Club releases the Homestretch; an actionable afternoon update just in time for the last hour of trading.",https://www.cnbc.com/2026/06/22/apple-is-a-notable-outlier-in-mondays-drubbing-of-mega-cap-tech-stocks-.html,2026-06-23T06:23:34.735470+00:00
2026-06-22,MARKET,Trump allies defend him to Israelis anxious over Iran deal - Reuters,Reuters,Trump allies defend him to Israelis anxious over Iran deal  Reuters,https://news.google.com/rss/articles/CBMitAFBVV95cUxORDBYQjhCNzJZUDdMSjk1SGZiZ1lZbnhGYllrWEVMMUFibEFKNS1FVEpPZGxfU2pBLWxMcGdNenpyM1Vsc0Y2cmpDc1huZVhuN1VtX2VSWk01VnAtMGFnRVhFcGNXNndSUWlGNTltN1lJTmJ0VjhxODFsZWtmdXVxZ0g3MTBfTnQ3Nnl6QV9adTJ0Q3lRNF9SOFdYTHMzdDNGOUdhRVo0a1FQM05ITnEtQ2pZUm8?oc=5,2026-06-23T06:23:34.735612+00:00
2026-06-22,MARKET,European shares close higher on US-Iran talks; UK's Starmer resigns - Reuters,Reuters,European shares close higher on US-Iran talks; UK's Starmer resigns  Reuters,https://news.google.com/rss/articles/CBMipAFBVV95cUxNNDFvY2xfY0xGSDhHVGV3VHdkSmdoeWtyVkdqenNCR2dvbWtBVFhqZlkxcEMwbzRIbFdNMnZqTFd5YnNjN0dyT20zdWpEek5SMTdHMlBEaGdaX2ZoeVFNQi1wcTNHWkFTMjBZcWZtQXJ4SEZ0MDlXcjA2cGxNTWNIRFV4TzdYRVZGVlV3QUpzNkVLcm9ENGI2SG93NWp6MmF5SlZQNA?oc=5,2026-06-23T06:23:34.735748+00:00
2026-06-22,MARKET,"Rubio heads to UAE, Kuwait, Bahrain to discuss Iran deal with Gulf allies - Reuters",Reuters,"Rubio heads to UAE, Kuwait, Bahrain to discuss Iran deal with Gulf allies  Reuters",https://news.google.com/rss/articles/CBMivAFBVV95cUxNa3pPeDA3VWswbEdsWVBhVWxMcE54bWlTbTd3RXJiajBUeDR6cTFqMlVhTHQ4YndKeTRkRDE0Vmxpd1F4ZkgyakNPSHdrQnRuQXpvZk5wLWRRa1hRRVo2a053cFdZOUM4SWZtOFUwQVpkSTJNeHpRcFdIM3BVUnlhMnFyUExELTVhbEc2WTlBd1BzM0ZNZjNmT3JnVm5sNzBWT19NY1BKZ1ZmZFcwckFxXzNrSDhFZl90clA3Sg?oc=5,2026-06-23T06:23:34.735881+00:00
2026-06-22,MARKET,US authorizes Iranian oil sales amid talks on final peace deal - Reuters,Reuters,US authorizes Iranian oil sales amid talks on final peace deal  Reuters,https://news.google.com/rss/articles/CBMiogFBVV95cUxQYzdZaTNrdXFNYWlPV2hKM1g2TDZkUFRmM3pMTE5HZzc1NnRuY1Y1cEdkLWl4bWpWOWFHdmZnMDN0cS0zdFdOeVIzalM0cGN1Yk1PV1lmc0I1NElkUjI5cWtKQzVvdHVqZFFNUm9nT01BZDdlYXFJdnVPM2NiMF9mUFduSFhlcUZWUjV0RVJtY0NFcFVmSElZSXk0V1IxN3ZrLXc?oc=5,2026-06-23T06:23:34.736016+00:00
2026-06-22,MARKET,Lebanon ceasefire largely holds but fears persist it may collapse - Reuters,Reuters,Lebanon ceasefire largely holds but fears persist it may collapse  Reuters,https://news.google.com/rss/articles/CBMitwFBVV95cUxNNEJiczdBeDQ3LUFmcVg2eUo1aEQ4SU5HenU2Z0pEWVlVOFFFQnRIRmdMbzZsVVFvWnhEQ3ROTFE2OHUyVko4QmhYX0ZDQ2VWZmI4THFrNXRxWDFGeVA1SFo0LW9zSkVuc1lDRFlSOXF6bzJOYjlCd1JDdnNpWWxmRU43REdsemxoYnRXUGkzbWxUeVMzNjFxSFBval9HZXhZNGNnN2E0RDhRaUp5WmhmTWMzVUhZT28?oc=5,2026-06-23T06:23:34.736163+00:00
2026-06-22,MARKET,Gulf markets mixed as Iran reports progress in peace talks - Reuters,Reuters,Gulf markets mixed as Iran reports progress in peace talks  Reuters,https://news.google.com/rss/articles/CBMitgFBVV95cUxPbTlET3VJUjlLQm5NWWJzUWZSQkV6TXQ2bVN6MUgyTjhMQkxKMUNDeDFQc2hiNTc2Wm1rM3A0M3NsdVlzN0stYXlodXBYZnUzRVNIVmZTcVh1ZlNHTWZHWkFQd2Myb2dnUEJzRDNQUUR0THV3dGRRQ0lMOF9NN2lUbDZ1bzRybEtjUXQta3BtSmU4dmgyTUZXRktrMlJjTTNFQl9TZl9mdXBSOFJnWWlfY3FJV3ptZw?oc=5,2026-06-23T06:23:34.736305+00:00
2026-06-22,MARKET,"SpaceX makes bond sale days after record IPO, discloses over $100 billion cash pile",CNBC,SpaceX on Monday unveiled a senior unsecured notes offering and said it held about $100.8 billion in cash.,https://www.cnbc.com/2026/06/22/spacex-spcx-bond-sale-ipo.html,2026-06-23T06:23:34.736446+00:00
2026-06-22,MARKET,The Club's top 10 things to watch in the stock market Monday,CNBC,"Abbvie makes a move in M&A, and SpaceX is started with a hold rating at KeyBanc.",https://www.cnbc.com/2026/06/22/the-clubs-top-10-things-to-watch-in-the-stock-market-monday.html,2026-06-23T06:23:34.736583+00:00
2026-06-22,MARKET,Oil tanker traffic picks up through Hormuz - Reuters,Reuters,Oil tanker traffic picks up through Hormuz  Reuters,https://news.google.com/rss/articles/CBMinAFBVV95cUxQaHlxenJFdEF1NHdsVVVwWm0yaFNYX0ZtRWxNRkZFd0dmNF9senMxQ2h6S0hrTjdsSldRMm5UbjBDckZnT1dhdktteW43WXduTkstWThMUWsyTnZ3WnVZMnM1SGF6dGRWd2FpRVlTOUg0bXB3SFFNUmF2SUVEclNDWWRYLXNWbTc0bEpwUzV4TGxiSndjaXluUjNQYXQ?oc=5,2026-06-23T06:23:34.736726+00:00
2026-06-22,MARKET,Airline ticket prices may stay high as carriers bank fuel relief from Iran deal - Reuters,Reuters,Airline ticket prices may stay high as carriers bank fuel relief from Iran deal  Reuters,https://news.google.com/rss/articles/CBMixAFBVV95cUxQZVB4ZG5yUDVOYUpKajhiSmwyOWRRUi0yQkw3SHM0Sm83Vk0tWV9QRUV6U1BjU3ZubVFwZ3BkTWMyZXVEejlVenpfZ0ZnUlBSdTYtNUFSd1p2QzZfUHJRa3FLMXR0VFF0NS1CV0duMk1VMll1QUY3TkJkU1RYb0FDNlduUE0ybmpGSkVRSG5kN0xmdDdYT1p5ZEsyUkl0dm1sWEg4ZXgyZ21KWFRmZU1IRjhJWkZ2aGlCWWJ1U2hPNldwaGt3?oc=5,2026-06-23T06:23:34.736866+00:00
2026-06-22,MARKET,"Talks between Iran and US concluded successfully, Pakistan PM says - Reuters",Reuters,"Talks between Iran and US concluded successfully, Pakistan PM says  Reuters",https://news.google.com/rss/articles/CBMitwFBVV95cUxNeUd1TkUtQ2RTNmZWcDNhUkRKNzdzeE40NVhQRVIwSElGdHRwc2JyXzV6cTE4Wkw3WmxTWDQ2emFyQkxqZDNkdTlOdDUwN1ZYZmpmTFdtZDFqYkpBS0xQQjNySkxMalJlZ0VsUFFYbERCQUkxMl9hM1ByUVB5VXpVWFo2Si0wQzFyUUZELUlRSndYOFJDR0h4NnZMVmpFTDU2cnhwTmdOUks4UmtPNWs5ZGJZcno0eU0?oc=5,2026-06-23T06:23:34.737012+00:00
2026-06-22,MARKET,Iran war triggers global race to build oil reserves - Reuters,Reuters,Iran war triggers global race to build oil reserves  Reuters,https://news.google.com/rss/articles/CBMiuAFBVV95cUxQZ2VKQXhDQ0hnaDQtUUhLb21EZUhxSUVsQnBwUXBQMUMxYzRNWHM3ZkZmUDJubXFQZDBzY3JzTU1fdmtxNTBEN3RzazFRa2FHTWtfNnk1R3F1eVFmWkFyVG1sX3VPejFSNWZoU3NYZUJQZFlTWHZVZlhfd2FLcEJwUXpjVWhXYWJYOEgxZTROMFZQTDhMT3hfaTVyTGZGSHlnRXBkT1hQc0pvR2w4ZC1FdXRfQ1pYak54?oc=5,2026-06-23T06:23:34.737147+00:00
2026-06-22,MARKET,"Ebola cases top 1,000 in Congo as virus infects frontline health workers",Bloomberg,"At least 78 nurses, doctors and other health-care workers have become ill and 18 have died during the epidemic, according to Congo’s National Public Health Institute",https://www.bloomberg.com/news/articles/2026-06-22/ebola-cases-top-1-000-in-congo-as-virus-infects-frontline-health-workers,2026-06-23T06:23:34.737285+00:00
2026-06-22,MARKET,Iran leave note of thanks in LA locker room after draw with Belgium - Reuters,Reuters,Iran leave note of thanks in LA locker room after draw with Belgium  Reuters,https://news.google.com/rss/articles/CBMisAFBVV95cUxNMmdpVk8ySmlSOWJRQjJ3YXI5VGFKcm5DUkZab05LcjBXS2t4bG9yaFdORHJxcXRRc0Q5cGFPbG1tTlVfY3FSX1JwRXRMNEZydWxsVlZCMEN6MXRQTUhlZ00ydnBVMXZtZFRzTWp2WjBfM1ZBYlVHTFpQNVFGRVFvS1plRXY1ZXZBNHQtdjF5SEZ4NTRLRXVxQVFtYWJOdzVwRU5wS2p3ZkdmZWlOaUotZg?oc=5,2026-06-23T06:23:34.737423+00:00
2026-06-22,MARKET,Rupee snaps six-session winning streak as firmer dollar pinches - Reuters,Reuters,Rupee snaps six-session winning streak as firmer dollar pinches  Reuters,https://news.google.com/rss/articles/CBMiowFBVV95cUxNa2NHT184T1JKOE9jMlk2cnZ0VEFZTVA2X2ZNZ0M2V0JXSGJiSTBBT29JS1Vlejl3eWdqMHY1QlcydVl5WjVUblVsMll0X2hLS2J4Ylg3QjZINnRXZFJHUloybUIxdFNmYzBuX2pfckdSc0FpOHVpZ24wTWdPOFZCcHFMM2Nja0tyX2xjLUNiWFN6V3JCWDlMRjRnY2xCNUNOaVdr?oc=5,2026-06-23T06:23:34.737559+00:00
2026-06-22,MARKET,"Indian shares rise on Reliance, IT rebound; Mideast hopes lift sentiment - Reuters",Reuters,"Indian shares rise on Reliance, IT rebound; Mideast hopes lift sentiment  Reuters",https://news.google.com/rss/articles/CBMipgFBVV95cUxPQnl3WUZuRzA2cHZxX3Bsal8yQlJxUEtFM2NDUk9NcXVXNWZfdVVTazhJTkEzd0k1S3hCc0x2U0dDbnBsQlNPaE9hRFZwV3RzVkJId3UxVmJYbjBPci1hU1JJMTF6M1Njd3dJOEdTVndxcXRINFFLMzVaaHhNMUcweFl5bEZkNExuUXl6OGZLRzA2ZXhxdTNQeFFKaTdEWDI4U0FDOHRB?oc=5,2026-06-23T06:23:34.737701+00:00
2026-06-22,MARKET,Gold rises as US-Iran peace optimism pulls oil prices lower - Reuters,Reuters,Gold rises as US-Iran peace optimism pulls oil prices lower  Reuters,https://news.google.com/rss/articles/CBMiqgFBVV95cUxNWG14bzR3eVBkdmFpZ0VoT0tBUzRBbG0wZVUzWW9wN0hqbDV5SDlYUl9WRWxSZE9sZGsxc2ZCVEhHVDdhQUp0LW5MME0zOTRQM2NCb0h0eGlzZzFNODFVc1NBSFdVYkZCNzg3UnZiYUhpOWRCb0tfUFZaNVlrRDFRX0c2c1M1b3B2U3BROWwwQnlXT2N4LTZJOTRpbUVxdFhycXhQNkp5MzYyQQ?oc=5,2026-06-23T06:23:34.737841+00:00
2026-06-22,MARKET,"Dollar climbs after US-Iran talks, pound choppy following Starmer exit - Reuters",Reuters,"Dollar climbs after US-Iran talks, pound choppy following Starmer exit  Reuters",https://news.google.com/rss/articles/CBMiswFBVV95cUxPVjRxZXNFeklzd3pqbW9WcEQ2Z3AydlJET29VdmV3TUpqaWN2ZjRCaXp5WmpSN0RCcjlPQXl1SkktazBHOGRoSzVOMHI4ZmtlcmFQU3p2akRncGZ6cDl0MllKOFJIZ3VGMzA0anp2YmFNX0RqZ3FuTVN5cmtkQ3FTdW16VDl5eUFZTUVzZFpDRmltX1hoWFhvbzNYbHdYeUZyUFU2S1ZvSEpMYS01OS13NXlhcw?oc=5,2026-06-23T06:23:34.737978+00:00
2026-06-22,MARKET,Two South Korean-operated vessels passed through Strait of Hormuz after MOU signed - Reuters,Reuters,Two South Korean-operated vessels passed through Strait of Hormuz after MOU signed  Reuters,https://news.google.com/rss/articles/CBMizwFBVV95cUxNYnptR25GLUVoNTJ0Zlpva0N6X2s1S3ZhVWRobEpCakdkWmluZ2dtYVltREJqNFZSdkJmcUYwTW9pcnZPeGRFUmdybGdwZ2VzUFJ3bnVYLUhsNVFSa0JZeWpSU3dYZnhTNzNKaThkOEl6ZVhpbGR0cFFNbl9rZDIxdEFDRHlXd2ZOUmU5T3l1NHlQNzNOYVB2TmJCQ0ZjUTVkY2taQlFoZE9USU0wYm9PVFJTVFRzWDg2Wmx3b21SUjNxSHc0Tk44dmE0Mm9VV0U?oc=5,2026-06-23T06:23:34.738112+00:00
2026-06-22,MARKET,"Stocks flat, oil falls as rate worries offset Iran talks optimism - Reuters",Reuters,"Stocks flat, oil falls as rate worries offset Iran talks optimism  Reuters",https://news.google.com/rss/articles/CBMihgFBVV95cUxOVUJKVXNjdDQ1Qk4wVGUxU0VYY2FROHplR3N5UW0zT0JjZUgyQnN5MDltTHRxVWtwQktOdUdEcXh1YUY3OTNOUnNWMmNoMXNnRmZTNlI4NzFMeHRoR2Zmd1dwTlJSUldqUkVQcXJfVThwYnhSR0tPMnBUbm5jTW8tQTU3cmtmdw?oc=5,2026-06-23T06:23:34.738264+00:00
2026-06-22,MARKET,US waives Iran sanctions after talks; Lebanon fighting abates - Reuters,Reuters,US waives Iran sanctions after talks; Lebanon fighting abates  Reuters,https://news.google.com/rss/articles/CBMiuAFBVV95cUxNZWY0di1pSncycGtYTEtHQm9lQXhCWUxRSnlhMHlKdnJIdzdxYWlCcjdPVF9TeWJ6YXZQYU1oVjh0d1hRajdRaklhYU9CMHROR3VIbnNnSTFSaHJHYk1iNUJmLWhpVWU3VDN0cEE0UVZXTmFFQjYzUFZ1eUNNUFh0MmtDWmxWaUhFTjN0aWxMNGlCQ3Uyb0hBSk1Bd1h5cm9lN0RtOEdZSHdRdUlILVJueXJIQTBoMHMy?oc=5,2026-06-23T06:23:34.738410+00:00
2026-06-21,MARKET,Tanker traffic through Hormuz picks up after slower flows due to crossing concerns - Reuters,Reuters,Tanker traffic through Hormuz picks up after slower flows due to crossing concerns  Reuters,https://news.google.com/rss/articles/CBMitwFBVV95cUxPSW92ZEc3ZzRkZ3lVbEtGaWYyRUxWOG5XUDZTbWx6ay1nVUFETUFLSUs0LTVwNWJUeXNoaHlGU0R0aXlaai1MeEhucnZBVnRINWxXZGpqbDYtN2VjVnNlZXpRdVplRE1pUlY4RTRqTXV4TWRoNWlrS1BZbk1OV0o5OGVGUlk5U2dvWThiTktlWUp1aF9ERVJ3M3R2c0pVWjNweXdWdU5Ia2IwaWp0RTVxSm5lQmcxdGs?oc=5,2026-06-23T06:23:34.738552+00:00
2026-06-21,MARKET,Iran draw strength from adversity after holding Belgium to draw - Reuters,Reuters,Iran draw strength from adversity after holding Belgium to draw  Reuters,https://news.google.com/rss/articles/CBMiqAFBVV95cUxNYm9QMlhYczVHR1lMaFkyaXdrc25sSF9BUGs3LWxjMkk2eUJTRkgtOGRkRkVIbGIzWnc3NDNZcE52TXc4c1ZLTExTVFZyX1UyNnJOdjZQN2p5c3VnU0RpUUUzWlUzYjRoOFA1MVh5VjVmNFhydml4a2RTcHpFRDBIQmpNRHlPS0dSUGYzWVg5UmZDaVUyUkNrX3ZaUUZmM0paNUFNd1pydHY?oc=5,2026-06-23T06:23:34.738689+00:00
2026-06-21,MARKET,Trump threatens new attacks as US-Iran peace talks open in Switzerland - Reuters,Reuters,Trump threatens new attacks as US-Iran peace talks open in Switzerland  Reuters,https://news.google.com/rss/articles/CBMixAFBVV95cUxOd3B1UzBaM0FMeEpSTFF5N3J3NXFHanp0a0VKUlprczNXWVJCa0VmSUZxY1ZqYkNPdHBrVml3clJUZzdpck1DY3djZHR6ZTFMeU5HdHVTaTJPMV81Q0VJY1E3TWZyU2RlM0ZVZDJKZ2RERnRETURQRmM4MElPajdMV3VzNW4tUEVVWDZlWG1QTGU5dHVTX2NXdjd5UHd2blpVeW5QNE91cnRnYy1vN25BRTA0RjdzMTZ4X2lQd01JdmM2SnVD?oc=5,2026-06-23T06:23:34.738833+00:00
2026-06-21,MARKET,Iran coach says unbeaten World Cup start will be remembered in history - Reuters,Reuters,Iran coach says unbeaten World Cup start will be remembered in history  Reuters,https://news.google.com/rss/articles/CBMiuAFBVV95cUxNLTg1TERWTVFSNWVfTmR6amZmS28wMlRZSlJCREtITzFQaHJLZko2bHpRdUo0VkUzNm9aT1lfSERiQnFBNjdFSV9KR1duQzF1MVcxVVRNcHFRdlZzWmpqeXB3ZEpnN1oyd0hQTVBlblcybUpmaDllSFlCTUZJaWR4ektrdUcwVVNkeVlkZDBMaUJCYnpBZWxlQVYtdjlzYkNiSmdxa1dmbUp0SXZFRVBlcU9Hclhzb2Y1?oc=5,2026-06-23T06:23:34.738961+00:00
2026-06-21,MARKET,Beiranvand heroics help Iran hold 10-man Belgium to goalless draw - Reuters,Reuters,Beiranvand heroics help Iran hold 10-man Belgium to goalless draw  Reuters,https://news.google.com/rss/articles/CBMimAFBVV95cUxQR01ibEVGdmNYc0l0VFlWQzI0SUVoSXZzb1RsSVlXckhQNnZyV2ZfZXZpbTk1U21GN1FqeDJNUTRkQ1prWFR6ZDA3TEpJNkNrVUJwc05MNTU2eUQ0NHhZTXduT3NLd2lZZVM5QkdUeEdycExqZUt3eEdycGlaeFZ5QUlvNHFjckR3VV9qN3ZobkxEQjdEbmpHdA?oc=5,2026-06-23T06:23:34.739082+00:00
2026-06-21,MARKET,Oil settles down more 3% after US-Iran talks signal easing supply risks - Reuters,Reuters,Oil settles down more 3% after US-Iran talks signal easing supply risks  Reuters,https://news.google.com/rss/articles/CBMivAFBVV95cUxPWDktZEMyRnJ6ZUlaRUlUT3U2c0ZhTFluQm5kWHI3YkdBRTc0QVM0XzVYUHJmdGhzZUJMZ2pHTVdhclpUVVdBdUZ0dktUVUZ0SHpnS0UxY3BTMnJDUW10dnlKZEtiYjZvSkRoR3h1NTUyU2xUZ3NXTUlxTFNKemlyd3BLbUhEOGRmYUpfSnFvQ0R0c2tIMUowUDFRdXJyc2E3bXU1QTEwa3pKUldDRDlVXzR6QkxmNmpoQVk1Sw?oc=5,2026-06-23T06:23:34.739198+00:00
2026-06-21,MARKET,Breakingviews - Trump’s Iran folly opens slim path to safer world - Reuters,Reuters,Breakingviews - Trump’s Iran folly opens slim path to safer world  Reuters,https://news.google.com/rss/articles/CBMiqgFBVV95cUxPV0tkVzZjMFpZckJXSXVXVEFUbGdLN2RfNV91a2lETTZ1VTBWY0U1V01SQlZkSU96QVZ5ZnRpWkdHa0hibDRnaktsbThGTkJWeGdIUjlfQ3pjamFwTGlCZXJpWjUzYWxpb2ZpSGJ4UGUzUDJtaFZlcGRaX3RFOC1xRXFoSkxYbnNrQlFwNllrRUhpd1BMNWxrVHhrUl81RXU4TDJQVGdVTDBBdw?oc=5,2026-06-23T06:23:34.739315+00:00
2026-06-21,MARKET,"Thirteen dead, dozens injured, after blast inside Qatar's Ras Laffan complex - Reuters",Reuters,"Thirteen dead, dozens injured, after blast inside Qatar's Ras Laffan complex  Reuters",https://news.google.com/rss/articles/CBMixAFBVV95cUxPOUczSUFOMThyb2laVUpFcjg1OTF6bTdqM1VoZ0IwR1dCckxUR1RHQnB0bUIwSlcteVBOellQM09rQ0xfTmhhOWZxLS1uMDRGVG5WdGRfWmZnQVN0MlBPaGpHT1J0UXZuTEM1RXUtLUJfSnIxVXEwQUN0SnlyRTlQckdST3RjYzFBMnU1MDRoQmFHOWdYZ2c0NDFFcVdjNjJJdG52WmVNaXJTWlNjQUMxMkxUMUxseHdwb2pVNENCbTBjaUZK?oc=5,2026-06-23T06:23:34.739432+00:00
2026-06-21,MARKET,The AI trade has left the hyperscalers in the dust. What will it take for that to change?,CNBC,"In his Sunday column for Investing Club subscribers, Jim Cramer examines the market's love affair with memory and semi-cap equipment stocks.",https://www.cnbc.com/2026/06/21/the-ai-trade-has-left-the-hyperscalers-in-the-dust-what-will-it-take-for-that-to-change-.html,2026-06-23T06:23:34.739548+00:00
2026-06-21,MARKET,"Iran talks, JD Vance, Reflecting Pool and Keir Starmer - Reuters",Reuters,"Iran talks, JD Vance, Reflecting Pool and Keir Starmer  Reuters",https://news.google.com/rss/articles/CBMimAFBVV95cUxQMDhtUzRGRk9oZEZLX3FnWVl5WF9uVmRsbGNqTUpmWVVFLVA1VmhCdEZ0Q3pqbVZNR1M0dmwtVTFpeFRBQ19jOVdjeHp4R1dQQmZJUTVpand1b2pnd3NqLVBLSDhHZElnalczbWRqTE5ENUdYa0oyWkJJZVZzb1pwTzRrUzNjN2lVR0E4RTRJem84UWo4MmJMWg?oc=5,2026-06-23T06:23:34.739676+00:00
2026-06-21,MARKET,Raising the minimum wage has been a big political winner. Now it's running into resistance,CNBC,"Raising the minimum wage has been a progressive policy winner at the ballot box, but recent losses suggest an economic mood slowing its political momentum.",https://www.cnbc.com/2026/06/21/raise-minimum-wage-inflation-politics.html,2026-06-23T06:23:34.739794+00:00
2026-06-21,MARKET,Trump says US will resume attacks if Iran does not restrain Hezbollah allies - Reuters,Reuters,Trump says US will resume attacks if Iran does not restrain Hezbollah allies  Reuters,https://news.google.com/rss/articles/CBMiygFBVV95cUxPRnRDWmZ2cjd6SldKNEFTZ3pKNFBSeE52eUk1cUpuZ3lWdUJDTU5sbXkybHVTLWN1SWVYMDBhMUROTU01VHhaOTh1RVl5TVY3NUI5OEdFbm1IN2toZW45TDltUi1Wbk9QazZRWnpudnV6WmNxc3BmSEIwbzFuRmhSZ29pSU5jWTNkVW1vUjk0RF9PVDVTWG5rOVVJOG9DbG9IcEhuZm9fV2pfbFN1TUcyU0xQd0pmUUhCTVo5YTJkakhjeTZ0MlQwQzhn?oc=5,2026-06-23T06:23:34.739912+00:00
2026-06-21,MARKET,The No. 1 trick I always teach to build unshakeable confidence—it worked for Beyoncé and Adele,CNBC,"""No matter how talented or prepared you are, self-doubt can get in your way,"" says therapist Amy Morin. Here's how to channel your alter ego so you can do your best.",https://www.cnbc.com/2026/06/21/the-no-1-trick-i-always-teach-to-build-unshakeable-confidence-therapist.html,2026-06-23T06:23:34.740044+00:00
2026-06-21,MARKET,No one wants AI data centers on Earth. Do they make sense in space?,CNBC,"Elon Musk's SpaceX is betting big on orbital AI data centers. The public doesn't want them on Earth, but the economic case for space-based is questionable.",https://www.cnbc.com/2026/06/21/do-space-based-ai-data-centers-make-economic-sense.html,2026-06-23T06:23:34.740163+00:00
2026-06-21,MARKET,Iran coach questions inconsistency as preparation for Belgium match cut short - Reuters,Reuters,Iran coach questions inconsistency as preparation for Belgium match cut short  Reuters,https://news.google.com/rss/articles/CBMivAFBVV95cUxOMk1kNVo3MFREOWQxV2tJUmhKQktKWWI1dE50UEc5NllHakZfMU11YVRYSTFkNmVQSDVNcXpfbTJXOEdyeC03cHhxSkk0QWpaYXJmV3U5Y3FPLXhlZUFEZjVWbldRYWlPSE1TZ1Q4Sl85QlRwcTluaXUzVjJkc0JSRHpOVzNEai0wSWxhZ1JDOVN6U2xyRjhtUEY4eHNvbUFqMXRZUDhSZzdaZVZzZ3lWYlcxcF9nbF93M2Zmdw?oc=5,2026-06-23T06:23:34.740282+00:00
2026-06-21,MARKET,Here are 3 big things to watch in the stock market this coming week,CNBC,"FedEx reports earnings, and the Fed's preferred inflation gauge is due out.",https://www.cnbc.com/2026/06/21/here-are-3-big-things-to-watch-in-the-stock-market-this-coming-week.html,2026-06-23T06:23:34.740433+00:00
2026-06-21,MARKET,"The best parents and leaders use a 3-step formula to help people handle uncertainty, says Dr. Becky Kennedy",CNBC,"Even if you can't control an outcome, you can still help your child or co-worker feel more at ease with uncertainty, just by how you describe a situation.",https://www.cnbc.com/2026/06/21/use-a-3-step-formula-to-help-people-handle-uncertainty-dr-becky-kennedy.html,2026-06-23T06:23:34.740550+00:00
2026-06-21,MARKET,"No-fly zone for Iran talks disrupted flights at Zurich airport, authorities say - Reuters",Reuters,"No-fly zone for Iran talks disrupted flights at Zurich airport, authorities say  Reuters",https://news.google.com/rss/articles/CBMivAFBVV95cUxNR3Y0aFE0VW1lYXZYRERxU3ZYcWFQSlQyTHcyaUhfQ3BiSlJ3cGhWOWxMNTFjNGh2SFNRTUxNLTh5MWZ4aEtlZGs1M0JfZU9ONlFzcDdGaFlISTRZVktPMmo2MS1jYlRmb25NNEk2Yk9oQWczSkVHVkczR2RwMkVFVVhsLVJzb3VXRVJ1QnljMHU2NmRoajk3TGROWkhiRGxOMHU4bHh6QkpfUE1VYjhaa0RHV1MyTnVHTExLbQ?oc=5,2026-06-23T06:23:34.740668+00:00
2026-06-21,MARKET,"Israeli soldiers in Lebanon are free to take action if under threat, Israel's Katz says - Reuters",Reuters,"Israeli soldiers in Lebanon are free to take action if under threat, Israel's Katz says  Reuters",https://news.google.com/rss/articles/CBMizgFBVV95cUxPSkdWNzR5aWg1SW1EZEJJOFdvZXdfa1JaVG9CcnpOUWtfREI4LUpld2JNNnQ3MEtXT1JMNTFMS3d4UHRKWC1CSm1QV1pCQ19La2U5QWlpcGNwNDV4ZnN5UlJ3TVVVbllwT0xTTjllZjIzaDFvVWxqQWZKQWJKNzAxOW55ak1uczhOV0t4UEJIekpKdWtrWjdQdGZGdUlSajNJM19ZQllzaGZldVh0TEdFS1FhSmE2M3d0dHBubzloR2tYUUotQVdxa2hZeS1mUQ?oc=5,2026-06-23T06:23:34.740787+00:00
2026-06-21,MARKET,"Iran's Tasnim news agency says Hormuz will not reopen until Lebanon ceasefire holds, oil waivers issued - Reuters",Reuters,"Iran's Tasnim news agency says Hormuz will not reopen until Lebanon ceasefire holds, oil waivers issued  Reuters",https://news.google.com/rss/articles/CBMiygFBVV95cUxPa005aHFiRnFPT0lhdUYwazVqbHV2cEhrTWJHWFVEZDhBWlpzNEtzRFptdVZsRkpwcnQ0ZVVfNXh5aE1JR202NGpWX3liaE1aeE4ybk5oRUhwLUJFWTNPOTdfMHRxMkM5bllwRDdVcXBLbUVCSDhKTEpCQS1rcERlUW9YLTBHZEQzYVRPanVKUFlpMHo1M1hpOTdvYlp6b0lUVk5OT2FXT196RjEwZ2dBRGxpNERROG5QOFVVVGlzWGcwMU1NNWE2X1FR?oc=5,2026-06-23T06:23:34.740898+00:00
2026-06-21,MARKET,US VP Vance arrives in Switzerland for peace talks with Iran - Reuters,Reuters,US VP Vance arrives in Switzerland for peace talks with Iran  Reuters,https://news.google.com/rss/articles/CBMipAFBVV95cUxQdnAzWlotOEpfTUY1MXotSFVBTlJndkJWUS1QazZfdjFPNTFHQ3RWaFF5QjlFM3BndjQ1N0ExTlByMjNLODhTalhEb0loNTBnSmJ2OXdieURobkJ5WThHVzhwaXJ3enE4TzhzeHliaVN3bDB5SjFJa0JvNTYydEhDbW5aNmhGT2F2bFp3ZGNJOC1QZkFfWTBPQ1daS3NUbzFCVmRGWQ?oc=5,2026-06-23T06:23:34.741001+00:00
2026-06-21,MARKET,Belgium brace for motivated Iran as Garcia manages Lukaku's minutes - Reuters,Reuters,Belgium brace for motivated Iran as Garcia manages Lukaku's minutes  Reuters,https://news.google.com/rss/articles/CBMirgFBVV95cUxOcDRHMVQzMDJTcVhQRmFpV2g4bmJ2N1VRaTdfNXFPYlBicG1jNHlZUkxJc3VlZEwza3VIUWhRNE5OS0s2UVdOcmhENFF3WTJ2S1hJSGx1WFFXTDI5NE1zTkFCNTNVWm1mc25EOUFnQmtaa25NdXotY1FqVVUzNDNrT09xR2V3c0NiSm1fNTMzNGpJTUhTOFVWV2JsaEdOeDY0Y3c5U1J1MnQ0OWlUdGc?oc=5,2026-06-23T06:23:34.741102+00:00
2026-06-20,MARKET,Israeli strikes kill at least 20 in Lebanon hours after ceasefire - Reuters,Reuters,Israeli strikes kill at least 20 in Lebanon hours after ceasefire  Reuters,https://news.google.com/rss/articles/CBMiuwFBVV95cUxNbVUyY2ZiaHlmMU01WFZDX2M5c2Y3d3JWekJWMWZTbF9iR3d4UVdDR3ItSWEwSmE1M2taaG5GX2gzbTFZN3V0cUJXV1RzXzZXQ2ZmNWx1emtiVlk0Y3ZCLWQ4cVB3VFpYUmlZZUF1WmFfaUdmY1Ywa2d6MlBLakdUX0hKVzgwQWwzWVpNOXQ5TkhCYzhSVGZlSlJIc3Z6VHF1UndYd2JiMkR0T290dTVZXy1heVlwREF0Vm5z?oc=5,2026-06-23T06:23:34.741196+00:00
2026-06-20,MARKET,"US defends Iran World Cup travel restrictions, says discussions ongoing - Reuters",Reuters,"US defends Iran World Cup travel restrictions, says discussions ongoing  Reuters",https://news.google.com/rss/articles/CBMivAFBVV95cUxOWXZKd3Rfc2FkZHhCTEc1WWk1cjBmbm95d2xObktVdTJ4S2JtUnd1ZzMydmltY3B0SUszd3BSN25PMHdPLXBOTlEtbnJ1c1ROV21zT0tZT3RTeTFHczIxRlhUNTI3RXNmSVhNaVVwUWJEcy1BT1ZLTnhXd0sxTXB6MW9qVUFuYXlpSVI2Ni1lb3doTnA2aW9jNG9CQWxZLUc2TnVIQ21TUGdjWkZ6SElKMDhOM2UxeXJfRGVhbg?oc=5,2026-06-23T06:23:34.741294+00:00
2026-06-20,MARKET,"Iran negotiators, Vance head for Switzerland but Lebanon fighting continues - Reuters",Reuters,"Iran negotiators, Vance head for Switzerland but Lebanon fighting continues  Reuters",https://news.google.com/rss/articles/CBMiqgFBVV95cUxNMmZyRmRQdUo5dlpLWnZaTEVkV2JBOXpMS2hNTEg1LVN6YzN2VjNlMXZkNXlNdVY4bWhaMG0wd1JtVWtmV1BNbXk5UjNHODNLT3ZJZUNfcmFZSmVvWkRfQ2J2eHNoZGRiWUpwbGZBT04zbjBILVZoV21rUC1VU2pWeENyaDJNRGMtY2otYWV5eG1fdjc3RFhFNmNCQzkyTWJLRVhVbjhFZWhfQQ?oc=5,2026-06-23T06:23:34.741387+00:00
2026-06-20,MARKET,Trump says no toll on Strait of Hormuz unless US imposes one - Reuters,Reuters,Trump says no toll on Strait of Hormuz unless US imposes one  Reuters,https://news.google.com/rss/articles/CBMirAFBVV95cUxPcTlFTUJWal9HaWxJLTBvcWZDT1BnOGlTdGxOWWdzZWMtWlpsTXQ1V0NLVVFXY29oSGxwRVotLVFMU2ptbS11M21nM2pSdExIM1E3OTFSUTc0d0xqeEZCblZtb0VHOEpPWXhzN2NDc2hvXzZ3bGFZSHlKak9VeUVIcElMSk5IcXlfZlh1QTh5emxIT25yQVRMZ09GOHduTDFkVFRIWkZuaXZLZjNK?oc=5,2026-06-23T06:23:34.741502+00:00
2026-06-20,MARKET,US forces monitoring Strait of Hormuz to ensure it stays open - Reuters,Reuters,US forces monitoring Strait of Hormuz to ensure it stays open  Reuters,https://news.google.com/rss/articles/CBMirgFBVV95cUxQOEt1ZGR5cFBKRG1mSHlLQTc3TnpyMnVnaWltNHQ1eXpockxLYVhxeVlqdmRMeThjck83dVdad2s0eTJOblROeE1GNkJWeF94RTE3cEwyNEFSWTVIaTZITHAtbTNMeS13dmtXUFZrUzJHZjNMdW9ReHZpOFhELUJaX2hNU1BLblRBYno3UHVBT1djajVIdlVQQ1hGb0RuR19wZHA0dUZXX1VrSlJPQVE?oc=5,2026-06-23T06:23:34.741618+00:00
2026-06-20,MARKET,Big tech stock buybacks vanish as AI spending spree eats up cash,Bloomberg,"Big tech's stock buybacks decline as companies prioritize AI investments, shifting from capital-light to capital-intensive strategies.",https://www.bloomberg.com/news/articles/2026-06-18/big-tech-s-ai-spending-spree-is-making-stock-buybacks-disappear,2026-06-23T06:23:34.741712+00:00
2026-06-20,MARKET,The budget airline model in the U.S. is running out of runway,CNBC,"Spirit's bankruptcy as United and Delta fly high suggests there's more to success in airline industry than low fares, and failure isn't about jet fuel spikes.",https://www.cnbc.com/2026/06/20/cheap-airline-fares-summer-travel.html,2026-06-23T06:23:34.741817+00:00
2026-06-20,MARKET,Paris police arrest 20 as demonstrators defy ban on Iran opposition rally - Reuters,Reuters,Paris police arrest 20 as demonstrators defy ban on Iran opposition rally  Reuters,https://news.google.com/rss/articles/CBMirgFBVV95cUxPemJad0VoZTdPSXlzRG41S2tQd1pXaFZLWXZvejJ0YlVMa0p5Q2ZBV05SSGxONHhvUHZGWWJUd2prZ3FXa0NFaEQxN2NsR01fRlVpRDREQTg1R1U5S05sR3NvVkN0LXM5MmdfNG1Cb2FWbGo0Rng5RV9Sa1ZyY0pDT21CV2NhRGJPQkhmSGNaYmc0NHJMNXZYQ2NfQThjRlNIY2d2VndGRnAwUTkwNnc?oc=5,2026-06-23T06:23:34.741915+00:00
2026-06-20,MARKET,Iran closes Strait of Hormuz over ceasefire violations - MEHR - Reuters,Reuters,Iran closes Strait of Hormuz over ceasefire violations - MEHR  Reuters,https://news.google.com/rss/articles/CBMirwFBVV95cUxPaTEyTUU2Snk2NzBhWmZCcV9JMzlEV0hRbjNTU282RU5wV3FvNElISFk2ek5SaXU3YXJXR3l1ZFF2RGpsMElnTkpMUmc3Y084NldTRndXWGdLWDJuT05wd0JkY3VtSUxKdFZMLXdJYmVMZXROV2NOczE3b0pWNEZpaEN1UU1teHZyWmotTjdtNmU2RHRlVmtkMzNoZUN5aGpFZHhnRVRnanVxYkRtSnVz?oc=5,2026-06-23T06:23:34.742008+00:00
2026-06-20,MARKET,"Switzerland says US-Iran talks continue at Bürgenstock, declines to identify participants - Reuters",Reuters,"Switzerland says US-Iran talks continue at Bürgenstock, declines to identify participants  Reuters",https://news.google.com/rss/articles/CBMiuAFBVV95cUxPRDVvaUdiWWJuc1RxSXoxbnpGSXRFVVZJOHZmOU5CVWtEM3FUcVNLN0RkdHYtLTBndXNXU1RtbklqZUxUaW55LUR4dk1qRHlXXzZyRHgzM3JleV95Q0ZJN2ZmaTBsWkhmSlZPaDFtRmV2dmNzUWFrTG9mNFFNVjhadU9WVWstTTZNeVZjY3NkTWFoN0V5X3JGb1pybVVGb1NZaHMtNElLZklFV2h0a3l4VUpFalBDN1Vk?oc=5,2026-06-23T06:23:34.742114+00:00
2026-06-20,MARKET,Iranian Guards' business empire to win big if US sanctions lifted - Reuters,Reuters,Iranian Guards' business empire to win big if US sanctions lifted  Reuters,https://news.google.com/rss/articles/CBMitgFBVV95cUxQeTVOWlpubWVJN3A4Rl9Wai1TNWRycWQwS1RrbXJCQndDZXIxaklsWV9idkhkRXI2SmN6cldIelBCNGVJNVNYWXhmUjNzeUx1VWhDbkNTdVJLNmwweUtzNmpobW5DSHNVc1BQM2xTc3plMzBpNVV6akI2X1AtVGkyN1l1Q0VIanZGNkctczJvSFM0WEtTdnZmNFlLdWg2LTVtUUxYTC00aEs0cG5qcERYSXBya1Y4dw?oc=5,2026-06-23T06:23:34.742240+00:00
2026-06-19,MARKET,"With Lebanon ceasefire set, Trump envoy heads to Switzerland for U.S.-Iran talks - Reuters",Reuters,"With Lebanon ceasefire set, Trump envoy heads to Switzerland for U.S.-Iran talks  Reuters",https://news.google.com/rss/articles/CBMisAFBVV95cUxNdGlIRzVkQXRyMi1KZ2xpUGFScEtiNlk2M2VjV0t2M0xsY1NYcFJfQXNxSTFDSXFjaXZmNDVMWkVvU00zX0tXTE80MXpFUlVUeE8xOW1USzJtTERYV09YRU4zbnRic1NwaG1WRHVRT2s2TTl4NkgxMjNVMEtsS0pyQl9ldURhQVkwTzdzcG5sajE3bzhSS1h5NWpoWDJZd05HdTFodHd6azZjN2JLT25xaA?oc=5,2026-06-23T06:23:34.742336+00:00
2026-06-19,MARKET,Israeli envoy and UN official clash at hearing on children in conflict - Reuters,Reuters,Israeli envoy and UN official clash at hearing on children in conflict  Reuters,https://news.google.com/rss/articles/CBMioAFBVV95cUxQSWREYzZJVno5TDBkWG9GOVZTLVFIQWpkdUN1enNFZ0d0ZmpoUGg0NVlaTnBmT3RxempzMTUxRjZVTTBYZkNHa0ZBdklXZFNlbjNUeEFwN1pRN01JQmFneFpVeXZWekN2SThDUWlncjhCX3lvREFxb1NHcllPeDFFU05ibXJkUjNYbWFhWi0zejhWbGdoWVdiWlVvX0I0MWUy?oc=5,2026-06-23T06:23:34.742429+00:00
2026-06-19,MARKET,Belgium face Iran in pivotal Group G clash amid travel row - Reuters,Reuters,Belgium face Iran in pivotal Group G clash amid travel row  Reuters,https://news.google.com/rss/articles/CBMiqAFBVV95cUxQdVpZSGNpLWdnR0gtTjN4Z2NNc1R4LWZqNEZOVHUtRDNjU3d4MzlqLUtPVjRXSFdIQjUwNkNFNzlfd04tVlJ0a1cwYVZUalVrZF9FWkN2dC1ZVlkyVVAydUlNTUhYYjg3QV9sYjBGdUltUHVTRksyV0x0ejVUSEJGYllST0JoMlpTU08wcmJFMmhhMk1YVmw1aGx4cU5Xc25QTkVMYlNJWmk?oc=5,2026-06-23T06:23:34.742524+00:00
2026-06-19,MARKET,"Israel, Hezbollah agree to ceasefire in Lebanon, U.S. official says - Reuters",Reuters,"Israel, Hezbollah agree to ceasefire in Lebanon, U.S. official says  Reuters",https://news.google.com/rss/articles/CBMisAFBVV95cUxPMDU0b09vektQdnBEbFN3LXFOMjFUQk0ybEdGV3EyZnpibE13akNnNzVVVHZjRkZIX1ZjYjBUM0ZHTTNSdTVWWTJPTGpGQkJhMndMWDFqYnQ2Zjg2eEVPWm41Q0otVmhvRHZTOUo1MEx5Zi0zd3JINUZXb25fVFBONHJhUHNoT3VPTWxlYWFfVDlwY0htS0FfMnpBWkIwSWoxNm9HTFZieGF0RmtsMjRmZQ?oc=5,2026-06-23T06:23:34.742624+00:00
2026-06-19,MARKET,"Brent set for 8% weekly fall as Israel, Hezbollah agree ceasefire - Reuters",Reuters,"Brent set for 8% weekly fall as Israel, Hezbollah agree ceasefire  Reuters",https://news.google.com/rss/articles/CBMipwFBVV95cUxOcG8wSGhHblhWdlppN2pVNUt0WFExeHM3a2xOS19weUVYRmEtSnQtVlRMNnBxY0hoZkF4b181N0FmTTQyNkFfYTduYUJHSGlreF9vSC1Ib1RPRFU1RERHRngtYWUwTEt0ZkpPSFdlOHBZMF9BN1JMenpYTzcwZ0RzOENHQ2Q1VTc2R0poVWdaTUNLc1lJbjMzRmttWW9LOC1FMWtHU0ZlTQ?oc=5,2026-06-23T06:23:34.742721+00:00
2026-06-19,MARKET,DOJ rebuffs judge's request to put in writing it won't move forward with 'anti-weaponization' fund,CNBC,The DOJ in May announced it was creating the fund as part of a settlement of President Donald Trump's $10 billion lawsuit against the Internal Revenue Service.,https://www.cnbc.com/2026/06/19/doj-anti-weaponization-fund-trump.html,2026-06-23T06:23:34.742852+00:00
2026-06-19,MARKET,Iran to lodge FIFA complaint over World Cup travel restrictions - Reuters,Reuters,Iran to lodge FIFA complaint over World Cup travel restrictions  Reuters,https://news.google.com/rss/articles/CBMirwFBVV95cUxPR1VYU082ZUFSeVhJV1cwcWhtajVlaWVxc1ViSFhOS0wwXzRfazlXNkxUbGtqMGZOa0FZVEFQWFZ6bktXc2o0OERiMDVrVnJuWGlSUEZvSHg1ZjVJczlBU0VpMzVob1p2anJRWTVhUnVXQWpRX041Q25GLW5SVmFiYjc3aDFVaFlSdF9EbHd2NGtEdm5URVBZckZXeGIwdWFvOTYzQ2FuUUxtdUFwTFdr?oc=5,2026-06-23T06:23:34.743153+00:00
2026-06-19,MARKET,Trump heads to Camp David as Iran talks falter - Reuters,Reuters,Trump heads to Camp David as Iran talks falter  Reuters,https://news.google.com/rss/articles/CBMimgFBVV95cUxQanZjcWNWV1diQU5BSFRBUzJtMlVJVDhWSjZ6MXc5S21QVlF1NHVrM0hTdjJ5dEJrQjA1QXMzNHNPTnpySW00XzJfbXBhNXZUN1RHU1UySWFLRl9SdFA3WTVMWmZNaUtPNmZxTGlIZnN0ZUtCVUZVbTBsZ21FVWR3dVJ4WlZCbHpGcHczdXcxVURpQnNHY1JBVTFR?oc=5,2026-06-23T06:23:34.743300+00:00
2026-06-19,MARKET,Fedspeak vs. war deal: Here are the things that drove this week's stock market,CNBC,"The S&P 500 surged on Thursday, making up for losses seen after central bankers convened.",https://www.cnbc.com/2026/06/19/fedspeak-vs-war-deal-here-are-the-things-that-drove-this-weeks-stock-market.html,2026-06-23T06:23:34.743408+00:00
2026-06-19,MARKET,"Iraq to export crude, naphtha through Syria after Hormuz shock - Reuters",Reuters,"Iraq to export crude, naphtha through Syria after Hormuz shock  Reuters",https://news.google.com/rss/articles/CBMirwFBVV95cUxObjFTV0lGXzVST2l2Y05WQ2Nkcjl1OUM3NHBvMVFER1IxTlQ4V3JCZ2tVZmh0Zm51ajZJb1dkTWo5OHNOT3ItQ3VoNFB6YlZnVXZUTEdlYnBBb29KSU9IWHV3RkpRallIVkh3bkdXWHRKVFRJRGFoTi1YMnllbllLTjkyLURUNFJ1YU9kRm9JSXB1b1ViZW1FZ3JhdHA1elBoOHBYb2EzRXZrVXZaMFhn?oc=5,2026-06-23T06:23:34.743506+00:00
2026-06-19,MARKET,29-year-old making $250k in tech went 'undercover' at a coffee chain before opening her own matcha cafe,CNBC,"Michelle Yeung wasn't happy in tech, despite earning $250,000 a year. Before opening Matcha House, she spent months learning the business.",https://www.cnbc.com/2026/06/19/29-year-old-software-engineer-worked-undercover-at-a-coffee-chain.html,2026-06-23T06:23:34.743603+00:00
2026-06-19,MARKET,"For US Vice President JD Vance, Iran talks could shape political rise - Reuters",Reuters,"For US Vice President JD Vance, Iran talks could shape political rise  Reuters",https://news.google.com/rss/articles/CBMikgFBVV95cUxOQWlnWFI3SUZDeUtiRU9JdURpYTJhMkM0Qzdzay01VGNKbFBXRDdNZURuX2h4TFNrdGVhYlF0QVcxaHY0cG5FNTIxSVRpVG9yOENHbnF1M2ZJRkpYb01kdUg5YWlhRHljMXhBcll5d2xNLTVaQXZQZDh2LWZhcU9TREVLYnl5MDUtdVQtdVlqOUQyQQ?oc=5,2026-06-23T06:23:34.743695+00:00
2026-06-19,MARKET,"Israel, Hezbollah agree to ceasefire starting on Friday -U.S. official - Reuters",Reuters,"Israel, Hezbollah agree to ceasefire starting on Friday -U.S. official  Reuters",https://news.google.com/rss/articles/CBMitgFBVV95cUxQNVlqdUp2WDdfZkNqcDlJbkVnTTh5aTZITlJaYkVUd0NEQl81b3ZodFZleFV3em5mRldLdWUySURpd2N5ZGlQREdRWDlUcUZCVHdmQnhNN3VvS21NRDFuQmZMb3UtSEFSaHY2YVlxV2NkMGRQVTA4SllfczlrVGVCaE1ibkhXNmlsZl9xQlcwTG1vYXRIQmp4bFpoZkFkZDNRTk9KdDlsbGg3NWs5cFFoVUk0NWZZUQ?oc=5,2026-06-23T06:23:34.743789+00:00
2026-06-19,MARKET,Shares ease as investors ponder US-Iran peace talks; yen nears 40-year lows - Reuters,Reuters,Shares ease as investors ponder US-Iran peace talks; yen nears 40-year lows  Reuters,https://news.google.com/rss/articles/CBMigwFBVV95cUxNZGh0dzZrMVhwME55Z1FPXzBZRjQ3LTVFS2xaLS1hMlNRUUNWN1A0Wk1qVXVKYlRhNEY3X2lMZVVKWnF5UHMxWU5yUkhJdmhBODZFNnFDYXFYYXRkT25nQ1FTRWZIY00xTFRaX2t3TjcwOGxUV05LQTdBVVplSEFpeGN4VQ?oc=5,2026-06-23T06:23:34.743878+00:00
2026-06-19,MARKET,Oil shipments rise in Hormuz although questions grow over Iran's transit terms - Reuters,Reuters,Oil shipments rise in Hormuz although questions grow over Iran's transit terms  Reuters,https://news.google.com/rss/articles/CBMixAFBVV95cUxONmxOVHFxZFJqT0MyRms0akxNMzFSVG45ZDFFVHFjZkZrMmh0anBuak5MYjlwWWw3Vy04LWl1b3oxbnZHSGRqQ2V0cWN5WUhxbHpZdXRCQmdpZGpsUk40RWl3dlVyTWtTUTRQOUtjbHM4NUJtTlpwZWtMMmx3REpQMWl6OWJEYzVhSHpIVkVicGVSdzdiaHd6WkU4ZENSaWZlUVVVUFNXYTktZDRDSVdZMmRuWXhPWFBBS2RLMk01OEo0eWFy?oc=5,2026-06-23T06:23:34.743966+00:00
2026-06-19,MARKET,UAE bourses decline amid US-Iran truce uncertainty - Reuters,Reuters,UAE bourses decline amid US-Iran truce uncertainty  Reuters,https://news.google.com/rss/articles/CBMipwFBVV95cUxOdWNoeGxDdFJVd2w1ZWg1Q29Wb1ZfZDkyT0RiMGhaMlU2UDZxeklhRVpXdlMyc0lPSE5MNFlFOTFtOFJsNVJ0Z0Q3YmxYbzlWRWlkbmZjVlhybVktbjZSRmd1VURlUHh0X0xtTDVreldBWng2U1hmZzlPZUJJdTNDby1UVnBzMmx4UkpGcDFEV1o1RFYtTVJGMWRoSERQRFlXRnZvalFYYw?oc=5,2026-06-23T06:23:34.744055+00:00
2026-06-19,MARKET,"US equity fund inflows surge on Iran deal, tech draws record weekly investments - Reuters",Reuters,"US equity fund inflows surge on Iran deal, tech draws record weekly investments  Reuters",https://news.google.com/rss/articles/CBMivAFBVV95cUxQa2IxeWNvMGtLVFlFUGpoRG80NWMyQk54bFloejRqWUI5NlBlZlUtaFQ4UWxsMHNEQlF6ck5EN1BwTVRCeWR4Q1RmcXZiY1Y1QUNOUzVwbDJobEU3YUc2LVFDczQ2RlhMTzBlQnFCc2hOc28tNzJtbjJBV0JiY0R3aTd1TWd0SkgxS1AyUVA2QVgxUndFNFhDTVkyTDgtMUFLaHpiM3VPY2xQZHdadXNVM0U1eFNvQjhsVm1rTA?oc=5,2026-06-23T06:23:34.744149+00:00
2026-06-19,MARKET,Iran says it will waive fees for Hormuz during 60 day negotiation period - Reuters,Reuters,Iran says it will waive fees for Hormuz during 60 day negotiation period  Reuters,https://news.google.com/rss/articles/CBMivwFBVV95cUxOUXNFdk9kOGRINmxCdTJYVm9wX0p1NF9TUWF0NHJKX3V5UVB6am05Q2FMUG5DSWl0SVd6N2ttN3h6TG1paE83VFRZelhGcGZqcG1BZDQ3d2xxd3JwQWlURFl0Yl9KcFVNeWMxVkZySW5jRHItWDEtNXJGMFJ2d2c4TXB6ZUluZVY0bUhSaDloeEk2QTdZVDB5V0I1RWhWZVRpYVRqcGcxeHBPTC1IMlJNa3Y5bWlWTWlScnQ3NzNlOA?oc=5,2026-06-23T06:23:34.744249+00:00
2026-06-19,MARKET,Bob Iger reflects on 10 years of Shanghai Disneyland as it defies the Chinese pullback,CNBC,"Shanghai Disneyland hit 100 million cumulative visitors in 2025, according to the company. It's a relatively new but important foothold in Disney's history.",https://www.cnbc.com/2026/06/19/bob-iger-shanghai-disneyland-chinese-pullback.html,2026-06-23T06:23:34.744339+00:00
2026-06-19,MARKET,Police order last-minute ban of Iranian opposition rally in Paris - Reuters,Reuters,Police order last-minute ban of Iranian opposition rally in Paris  Reuters,https://news.google.com/rss/articles/CBMiswFBVV95cUxPMnlWZEZ1VlJuWWVZUXI3Uk8xNEZPQ1BsQjZnZEhNQ2w5cmFYT2FzWWdMN0std29icklNbXFUWGRqc0s5aXJYbFo3ZHhLb19VZjVsbUZLOW11dXQ3S2NyRmFWcWRTNy1NMHAyR3NsNUNLTGRNNTBabldUUi1EUS1wYjZxSW5ScmpQRmVsczdUZjd1LUE5SXBuNGUtVXliRVFkWVdnUUJhT3pMT3N4cHdWQ0VYSQ?oc=5,2026-06-23T06:23:34.744427+00:00
2026-06-19,MARKET,Weekly inflows into global equity funds hit 19-month highs on Iran deal optimism - Reuters,Reuters,Weekly inflows into global equity funds hit 19-month highs on Iran deal optimism  Reuters,https://news.google.com/rss/articles/CBMiggFBVV95cUxQT050dkJmNU12bDgtelpJUzA4X0ZuRHBLUktYV2dGbXVoaG9rd0R5V3hkWGd3dUY0R0NvQ0RhMExUM3luT2RENHRMcmlqTm0zOVdsc3NtcFdibWxjSWZDMndzM25DWHJPOFNkQ1RSRWZ2cktBYXkwT3ZJWlpVSEhrTkZB?oc=5,2026-06-23T06:23:34.744517+00:00
2026-06-19,MARKET,France's foreign ministry denies asking for ban of Iranian opposition rally - Reuters,Reuters,France's foreign ministry denies asking for ban of Iranian opposition rally  Reuters,https://news.google.com/rss/articles/CBMivgFBVV95cUxOOU53S1haeDNDTFFSdVVZVzZhQ1BoanBCT3MtYnE0UFlkRFRLdWg3RWNLSHhLblcwazlDdEs5ZEc3TVpoT3NCN1Q0a3hvZGVlUnJTdFd1Vm9lalNodVlJTmxULWVEWDJEemdUQkkxTHoyM3d1ZUVuWlhqTkMtak1EX2lPNG5xYnlOcmxlZWU4aGxDanRzWnBIa0RIYW9mSXpZeGhWSl9vUGlPNXJicnVDdlRwQ0ZwcFh1cC0wSGdB?oc=5,2026-06-23T06:23:34.744614+00:00
2026-06-19,MARKET,"No UN sanctions lifting on Iran without France's approval, foreign minister says - Reuters",Reuters,"No UN sanctions lifting on Iran without France's approval, foreign minister says  Reuters",https://news.google.com/rss/articles/CBMiyAFBVV95cUxQTFpEdmJrUXJmcHhZcmRrYTk1SlgzOE1fTjlCWjBiZHNkN204RVlRbllNUVppeGhnaHNKX05TYVhILVM1TEZWcm0zRnMxdUlYMGR2UWxaUzlqcVZWMll0SUlETU4zcmZCLWFYOWhzNWl4SDNaYXY2ZVRIMmlNNFIzUTM1bHlnVHRIS09pMzJEcU45bEN3N3pSZkVLUHZJZ0ZOal9MTzhiN0dEMkI3NTNQT2x6WXlET2ZjY2VoUU0wTnFLTDg2bWZkVA?oc=5,2026-06-23T06:23:34.744701+00:00
2026-06-19,MARKET,"EXCLUSIVE: Iran's Revolutionary Guards set up covert Iraqi cells to attack Gulf neighbors, sources say - Reuters",Reuters,"EXCLUSIVE: Iran's Revolutionary Guards set up covert Iraqi cells to attack Gulf neighbors, sources say  Reuters",https://news.google.com/rss/articles/CBMixwFBVV95cUxOdVVhdU1ZeHBCU08wQ0tpY3l4MXNnQWVaeFRzakJETHVFV2Q0Y2c3eTc3WjRKaVJBWTNUNkpncjh1WmQ0eFM2LTc0YzZfZzYyZlFwOW9TQ0V5S2cxalFaTWlDUlhrMDBaWU9uV3o5WXZsQjVSREFrQlNHQXNGX2lSbU1FSllXR2pKWFM1M3M2amJjZ0EtUXQtNDRTbWVtMFBuUDU3MUJKdTlDcWhZZ0pNQWRQa210ZVBmNXJmNnM5REM2NGt3eXpn?oc=5,2026-06-23T06:23:34.744787+00:00
2026-06-19,MARKET,"Stocks climb on chips, Brent gains on Iran deal doubts - Reuters",Reuters,"Stocks climb on chips, Brent gains on Iran deal doubts  Reuters",https://news.google.com/rss/articles/CBMigwFBVV95cUxPQWc5blRuNGVXLWNEeGRWUHBJTi1tNG1oR2wzR3R0RXY1dWdVS3JVMmRRSlI0NEgwZUpVNTNLdUphd1Q4OGpXSmtSc0lwVmNONzFpYWZFVG05OFQ4Y1JtaVAyN0lCblhSVEUwZ2RDTUx4eTFzWl9SR1NVT1RvTGxwSTg0dw?oc=5,2026-06-23T06:23:34.744874+00:00
2026-06-19,MARKET,"Tax cut pulls global bond funds to India, backing rupee",Bloomberg,"Overseas flows into index-eligible bonds have increased by ₹32,630 crore ($3.5 billion) since the June 5 reforms, according to latest available Clearing Corp of India data",https://www.bloomberg.com/news/articles/2026-06-18/pictet-neuberger-to-boost-india-bond-exposure-on-policy-support,2026-06-23T06:23:34.744961+00:00
2026-06-19,MARKET,ECB’s Wunsch keeps July hike in play even as Iran deal eases energy prices - Reuters,Reuters,ECB’s Wunsch keeps July hike in play even as Iran deal eases energy prices  Reuters,https://news.google.com/rss/articles/CBMiuwFBVV95cUxNR19reWNmVi02Qk1nNzJyVTZWTzRZUEtFTzlnd0g1NlkxODJib01Ua0NydFp0N1VoSGsxRm51azdMd09IMm9xb0NLWGU5cFVleFZKR0pHcGtWRklUOVZjSkRudnlPR1BkOU5ORnZud1hrYkhoNUR0aUVudE9pR1RnVENmUlpfcWVEemtkVmFTQmZkVUlncGhVSXRlWTRzWGxxbUZweV90TTUzMGtRME9VZ0o5RjhoS0JJNXQw?oc=5,2026-06-23T06:23:34.745057+00:00
2026-06-19,MARKET,U.S.-Iran accord hits early snag after Swiss talks fail to proceed as planned,CNBC,Analysts reckon a lasting resolution to the Middle East conflict will take some time to materialize.,https://www.cnbc.com/2026/06/19/us-iran-talks-switzerland-canceled-interim-deal-markets.html,2026-06-23T06:23:34.745157+00:00
2026-06-19,MARKET,"US-Iran peace talks in Switzerland called off, clouding prospects for lasting truce - Reuters",Reuters,"US-Iran peace talks in Switzerland called off, clouding prospects for lasting truce  Reuters",https://news.google.com/rss/articles/CBMiwwFBVV95cUxQLW9pazRsVVhsZUZKVDZfWDF6SFhUdDFJMkJ6Snk5bDgtN3JpMC1WUTBmdWN1N09Hby1TOGRndFRhSW1kUUJRTjd5dXVqMWdnbUdwXzFiREp4WVhGN2l1aE5BaFd0RThIUXU3WjRqN190R2xRMFRZZ2IxN19ZSFNIQXhXRmZmdndmcExjLWJOamVpRnZRSnd3aW1jREY4UXNaMVVTR2VpYU9YRVR0RE1EQW81bTFad3FsamZ3bFczLUszSU0?oc=5,2026-06-23T06:23:34.745253+00:00
2026-06-19,MARKET,"Pentagon tells US lawmakers it needs $80 billion for Iran war and other bills, WSJ reports - Reuters",Reuters,"Pentagon tells US lawmakers it needs $80 billion for Iran war and other bills, WSJ reports  Reuters",https://news.google.com/rss/articles/CBMiwwFBVV95cUxQV1F4TXZTZ3VSNGItWkdaX1Yxc0FRZDR2cWR5VVNjVmJNS0lpb1B3dm1JMk0zaVZwWDcyMW83VExiNUNBTnZ0M3JRTDhPbGZwWnJpeDRVNVloU0N2RF9ndTdtNzBxSWRiWkhYb3QybXhVTklacmZFeGV0dXlDdDNVMmRUOWlmSFNrbDlfcGotWXhwclBDVGdCVWhaeHEwdzBJSGFvb05Qb2djZlNDc3ZPR3ZUdGRPcm1zZm9JWXVZZTZtUzQ?oc=5,2026-06-23T06:23:34.745359+00:00
2026-06-19,MARKET,New Zealand's Singh proud to blaze a trail for Sikh community at World Cup - Reuters,Reuters,New Zealand's Singh proud to blaze a trail for Sikh community at World Cup  Reuters,https://news.google.com/rss/articles/CBMisAFBVV95cUxPNlFuaThfZzJfR2sxZzZtZ05hc2FhZU5uenJMSmh2a0FYVzBTWEE0cWtGcmxqcEZjYkdnS2FYb0dkTkNxekw0eEpLd20yM0hvMjVEOXRDU3Q3eF85LXRVb19CQ0pvMURQTmhTdmhDY0ZyYXVMSlV1bXNKREMxajl3UktjWTk2UDVwWXhMQVVWdkpvSUZUTjhyQVJyWEd1dGdUVWJZSDhqclRIZmhkaDU2TQ?oc=5,2026-06-23T06:23:34.745451+00:00
2026-06-19,MARKET,Gulf airlines get back to business as flights near pre-war levels - Reuters,Reuters,Gulf airlines get back to business as flights near pre-war levels  Reuters,https://news.google.com/rss/articles/CBMiswFBVV95cUxOdThBbGpuM09BY1RmV3RZR082UmZ3WVg0RnY1Nnl2TXFtUWdtYUxvVkN5M2MzZ0I5aGxQNlFMZnBiRnQ3X01mMFoyLUNqLUE3YVJZcjBRMUxoVDR5OU5IQm9HR2ZCNjhPZDFkQ280S2hfQ1NMcmszWWpNX09vdDN1QVU4cjNNWnltYl83TXl0RzVGZ25lcVNES2NJd0ZuR1JZYkx4cHpPc3M0dzhZZUV0eFhsVQ?oc=5,2026-06-23T06:23:34.745537+00:00
2026-06-19,MARKET,Switzerland says US-Iran talks planned for Friday are off - Reuters,Reuters,Switzerland says US-Iran talks planned for Friday are off  Reuters,https://news.google.com/rss/articles/CBMirAFBVV95cUxPTlJqR2FGdGpULS1ZUTYzTEQ1UldELWIwa0hIOHJWRU5nZUswcXVjRkZRM1R2bW81Y1I2VzZxbHBlVlQtQlVpYm50ZDZzV1VmcjhpbGYyNmNVSnQ5SU8wLUI3QjQ5cnlWbzNJX2hZaTN0cXRIMGwyaWZVbnJ4RzRDRU13QUVhRlA4eno0RGJGblBGai12VzBwTGR4VzJaaHJpYXZXalh5Nk9TbGFL?oc=5,2026-06-23T06:23:34.745624+00:00
2026-06-19,MARKET,"Short-bond rally faces risks from cash drain, analysts say",Bloomberg,DBS Bank Ltd. expects the central bank to deploy a stronger tool in August by requiring banks to keep a larger proportion of deposits with the RBI,https://www.bloomberg.com/news/articles/2026-06-19/india-short-bond-rally-faces-risks-from-cash-drain-analysts-say,2026-06-23T06:23:34.745715+00:00
2026-06-19,MARKET,How Trump's deal with Iran compares to Obama's - Reuters,Reuters,How Trump's deal with Iran compares to Obama's  Reuters,https://news.google.com/rss/articles/CBMimwFBVV95cUxQbV9DV1p2OVVQRlVSYmRFYWxGd0lfcFFYamp1M1pGRVluaDB5Y2QyMVhKSERSVW9GM0ROOUNRUk1UVXpIaThfYnFvcHowazdUMWxkVWZSWEVaeUJvQUowTlR2SUJuMGdBUFZMeVdXVDJOT0xydWZoNUY0WUxPeWFadUdvbkZWZkhPTXVVTjdQNGZLNDdmOG9iellKYw?oc=5,2026-06-23T06:23:34.745799+00:00
2026-06-18,MARKET,Brent rises after Vance warns Israel against breaking ceasefire - Reuters,Reuters,Brent rises after Vance warns Israel against breaking ceasefire  Reuters,https://news.google.com/rss/articles/CBMilgFBVV95cUxOZU5Zdm80MlhXLVFYajFEdy1GcU9zNGNaa2FvM2ExTmZkZXJieS10V1ZjQ3NqTndMcG1hT1hpb0FGYTN5M1ZMY2VFRG9QNDZkVGhxVEJTcUVpakJGQWNtODJYOTJpSFJOM0hwN01DT21ZaUxKN2FBa2czX3ZFUHlTMXpuUnZpa1dNOFUtOXFFaUx1LTJwN1E?oc=5,2026-06-23T06:23:34.745884+00:00
2026-06-18,MARKET,"Wall St indexes advance with boost from chips, Iran optimism - Reuters",Reuters,"Wall St indexes advance with boost from chips, Iran optimism  Reuters",https://news.google.com/rss/articles/CBMiwgFBVV95cUxNbk9OU3cxZnFJZTJuS2dhU3hka1hTQjc0ay1fMUgzTHl5cnhpb2F1NzUzbEkwTmQ1TzkxWHJscTJKVGRkMEFvdC1ieXJ1RDhWVjRvNERsaHdwUVBROEE4ckpaaUwyY1I0RlJwMVRDWFBSd1BmYkF0OC02UXIxMXFwSFU2RGNpd1hwNG9lN1NqbWVMTlhRUUhkVk5jdHN4MVhfRXpnZkdXYUFiT25WOWVndVktRVBNUHY3WjQ1SkNDeWFNZw?oc=5,2026-06-23T06:23:34.745979+00:00
2026-06-18,MARKET,Republicans blast Trump's Iran agreement as details emerge - Reuters,Reuters,Republicans blast Trump's Iran agreement as details emerge  Reuters,https://news.google.com/rss/articles/CBMinAFBVV95cUxPa0FBNEpEUk9sRDhBMkp2bERRNEtLX3oweFJuTlM0ejdMZDZhX2ktUlg3cFk3TWc3aVcxc0xFeVlBTzg4eGZBMHNNS2dHbW1YSFJkZXYtZ3FGNWhKeTlZSU9KVWR2ZXphRlJjWk11ckFwUDM2cDM3Mm5rRk14ZkxoNEp3Qy1kdUR6OEFnczJHZzdhTUJUbW9LdGRGV2s?oc=5,2026-06-23T06:23:34.746074+00:00
2026-06-18,MARKET,"Trading Day: Stocks rally, oil hits pre-Iran-war lows as Strait of Hormuz reopens for business - Reuters",Reuters,"Trading Day: Stocks rally, oil hits pre-Iran-war lows as Strait of Hormuz reopens for business  Reuters",https://news.google.com/rss/articles/CBMipgFBVV95cUxNWi11em9BSXkyTVBsZ09QdU5zS3lZTUh3TE1kV3VCanhVOTdYaDlqamZvRmlNaERYdzZ6ejdZZ3M5TUUzNWlwaE5teGdpOGdVVmlyOHR6SFJ4eF8ya2dpaXlCb01kMVB1Sm92VVVaRzVDVFhVMHBOMlBvRjQtWXk3T0EzSTdZdW96bm1IN3h4aERkRXotb2tmeUd5T2dvZllJVjFhM3ZR?oc=5,2026-06-23T06:23:34.746159+00:00
