Timestamp,Task,DurationSeconds,Status
2026-06-14 13:35:41,fetch_news.py,0.05,FAILED
2026-06-14 13:35:41,news_engine.py,0.04,FAILED
2026-06-14 13:35:41,download_data.py,0.03,FAILED
2026-06-14 13:35:41,signal_engine.py,0.04,FAILED
2026-06-14 13:35:41,merge_engine.py,0.03,FAILED
2026-06-14 13:35:41,forward_validation.py,0.03,FAILED
2026-06-14 13:35:41,multi_horizon_statistics.py,0.03,FAILED
2026-06-14 13:35:41,update_market_memory.py,0.03,FAILED
2026-06-14 13:35:41,top_pattern_tracker.py,0.03,FAILED
2026-06-14 13:35:41,pattern_stability_tracker.py,0.03,FAILED
2026-06-14 13:35:41,pattern_decay_detector.py,0.03,FAILED
2026-06-14 13:35:42,market_state_engine.py,0.03,FAILED
2026-06-14 13:35:42,alpha_ranking_engine.py,0.03,FAILED
2026-06-14 13:35:42,change_detection_engine.py,0.04,FAILED
2026-06-14 13:35:42,pattern_snapshot_engine.py,0.04,FAILED
2026-06-14 13:35:42,pattern_survival_engine.py,0.04,FAILED
2026-06-14 13:35:42,research_memory_engine.py,0.03,FAILED
2026-06-14 13:35:42,research_summary_engine.py,0.03,FAILED
2026-06-14 13:35:42,auto_push.sh,0.05,FAILED
2026-06-14 13:35:42,send_telegram_alert.py,0.03,FAILED
2026-06-14 13:35:42,send_change_alert.py,0.03,FAILED
2026-06-14 13:35:42,alert_engine.py,0.04,FAILED
2026-06-14 13:35:42,run_pipeline.py,0.83,OK
2026-06-15 17:49:15,fetch_news.py,0.04,FAILED
2026-06-15 17:49:15,news_engine.py,0.03,FAILED
2026-06-15 17:49:15,download_data.py,0.03,FAILED
2026-06-15 17:49:15,benchmark_context_engine.py,0.03,FAILED
2026-06-15 17:49:15,signal_engine.py,0.03,FAILED
2026-06-15 17:49:15,merge_engine.py,0.03,FAILED
2026-06-15 17:49:15,cross_asset_merge_engine.py,0.03,FAILED
2026-06-15 17:49:15,forward_validation.py,0.03,FAILED
2026-06-15 17:49:15,signal_discovery_engine.py,0.03,FAILED
2026-06-15 17:49:15,update_market_memory.py,0.03,FAILED
2026-06-15 17:49:15,pattern_stability_tracker.py,0.03,FAILED
2026-06-15 17:49:15,confidence_score_engine.py,0.03,FAILED
2026-06-15 17:49:15,alpha_ranking_engine.py,0.03,FAILED
2026-06-15 17:49:15,pattern_snapshot_engine.py,0.03,FAILED
2026-06-15 17:49:15,market_state_engine.py,0.03,FAILED
2026-06-15 17:49:15,live_pattern_match_engine.py,0.03,FAILED
2026-06-15 17:49:15,context_aware_recommendation_engine.py,0.03,FAILED
2026-06-15 17:49:15,live_alpha_dashboard.py,0.03,FAILED
2026-06-15 17:49:15,live_monitor.py,0.03,FAILED
2026-06-15 17:49:15,portfolio_construction_engine.py,0.03,FAILED
2026-06-15 17:49:15,portfolio_performance_tracker.py,0.03,FAILED
2026-06-15 17:49:15,paper_trade_executor.py,0.03,FAILED
2026-06-15 17:49:15,trade_performance_engine.py,0.03,FAILED
2026-06-15 17:49:15,equity_curve_engine.py,0.03,FAILED
2026-06-15 17:49:15,risk_analytics_engine.py,0.03,FAILED
2026-06-15 17:49:15,daily_report_engine.py,0.03,FAILED
2026-06-15 17:49:16,auto_push.sh,0.05,FAILED
2026-06-15 17:49:16,send_telegram_alert.py,0.03,FAILED
2026-06-15 17:49:16,send_change_alert.py,0.03,FAILED
2026-06-15 17:49:16,alert_engine.py,0.04,FAILED
2026-06-15 17:49:16,run_pipeline.py,1.04,OK
2026-06-15 21:55:09,fetch_news.py,2.0,OK
2026-06-15 21:55:09,news_engine.py,0.25,OK
2026-06-15 21:55:16,download_data.py,6.67,OK
2026-06-15 21:55:16,benchmark_context_engine.py,0.32,OK
2026-06-15 21:55:18,signal_engine.py,1.84,OK
2026-06-15 21:55:19,sector_strength_engine.py,0.25,OK
2026-06-15 21:55:21,merge_engine.py,2.29,OK
2026-06-15 21:55:22,cross_asset_merge_engine.py,0.89,OK
2026-06-15 21:55:22,forward_validation.py,0.34,OK
2026-06-15 21:55:22,signal_discovery_engine.py,0.41,OK
2026-06-15 21:55:23,update_market_memory.py,0.25,OK
2026-06-15 21:55:23,pattern_stability_tracker.py,0.25,OK
2026-06-15 21:55:23,confidence_score_engine.py,0.25,OK
2026-06-15 21:55:23,alpha_ranking_engine.py,0.25,OK
2026-06-15 21:55:24,pattern_snapshot_engine.py,0.25,OK
2026-06-15 21:55:24,market_state_engine.py,0.28,OK
2026-06-15 21:55:24,live_pattern_match_engine.py,0.38,OK
2026-06-15 21:55:25,context_aware_recommendation_engine.py,0.25,OK
2026-06-15 21:55:25,live_alpha_dashboard.py,0.25,OK
2026-06-15 21:55:25,live_monitor.py,0.25,OK
2026-06-15 21:55:25,portfolio_construction_engine.py,0.24,OK
2026-06-15 21:55:26,portfolio_performance_tracker.py,0.25,OK
2026-06-15 21:55:26,paper_trade_executor.py,0.25,OK
2026-06-15 21:55:26,trade_performance_engine.py,0.25,OK
2026-06-15 21:55:26,equity_curve_engine.py,0.25,OK
2026-06-15 21:55:27,risk_analytics_engine.py,0.25,OK
2026-06-15 21:55:27,daily_report_engine.py,0.25,OK
2026-06-15 21:55:27,auto_push.sh,0.06,FAILED
2026-06-15 21:55:27,send_telegram_alert.py,0.13,OK
2026-06-15 21:55:27,send_change_alert.py,0.31,OK
2026-06-15 21:55:28,alert_engine.py,0.31,OK
2026-06-15 21:55:28,run_pipeline.py,20.52,OK
2026-06-16 08:21:34,fetch_news.py,2.26,OK
2026-06-16 08:21:34,news_engine.py,0.28,OK
2026-06-16 08:21:40,download_data.py,5.98,OK
2026-06-16 08:21:41,benchmark_context_engine.py,0.34,OK
2026-06-16 08:21:43,signal_engine.py,1.94,OK
2026-06-16 08:21:43,sector_strength_engine.py,0.25,OK
2026-06-16 08:21:45,merge_engine.py,2.43,OK
2026-06-16 08:21:46,cross_asset_merge_engine.py,0.96,OK
2026-06-16 08:21:47,forward_validation.py,0.36,OK
2026-06-16 08:21:47,signal_discovery_engine.py,0.44,OK
2026-06-16 08:21:47,update_market_memory.py,0.27,OK
2026-06-16 08:21:48,pattern_stability_tracker.py,0.26,OK
2026-06-16 08:21:48,confidence_score_engine.py,0.29,OK
2026-06-16 08:21:48,alpha_ranking_engine.py,0.27,OK
2026-06-16 08:21:48,pattern_snapshot_engine.py,0.26,OK
2026-06-16 08:21:49,market_state_engine.py,0.29,OK
2026-06-16 08:21:49,live_pattern_match_engine.py,0.41,OK
2026-06-16 08:21:49,context_aware_recommendation_engine.py,0.26,OK
2026-06-16 08:21:50,live_alpha_dashboard.py,0.25,OK
2026-06-16 08:21:50,live_monitor.py,0.25,OK
2026-06-16 08:21:50,portfolio_construction_engine.py,0.25,OK
2026-06-16 08:21:50,portfolio_performance_tracker.py,0.26,OK
2026-06-16 08:21:51,paper_trade_executor.py,0.25,OK
2026-06-16 08:21:51,trade_performance_engine.py,0.25,OK
2026-06-16 08:21:51,equity_curve_engine.py,0.25,OK
2026-06-16 08:21:51,risk_analytics_engine.py,0.25,OK
2026-06-16 08:21:52,daily_report_engine.py,0.25,OK
2026-06-16 08:21:52,data_quality_engine.py,0.46,OK
2026-06-16 08:21:52,nan_inspector_engine.py,0.41,OK
2026-06-16 08:21:53,research_question_engine.py,0.25,OK
2026-06-16 08:21:53,send_telegram_alert.py,0.13,OK
2026-06-16 08:21:53,send_change_alert.py,0.3,OK
2026-06-16 08:21:53,alert_engine.py,0.31,OK
2026-06-16 08:21:53,run_pipeline.py,21.72,OK
2026-06-16 10:38:26,fetch_news.py,1.32,OK
2026-06-16 10:38:26,news_engine.py,0.25,OK
2026-06-16 10:38:35,download_data.py,8.45,OK
2026-06-16 10:38:35,benchmark_context_engine.py,0.39,OK
2026-06-16 10:38:36,market_state_engine.py,0.28,OK
2026-06-16 10:38:40,signal_engine.py,4.01,OK
2026-06-16 10:38:43,signal_cleaner_engine.py,3.54,OK
2026-06-16 10:38:43,sector_strength_engine.py,0.26,OK
2026-06-16 10:38:48,merge_engine.py,5.02,OK
2026-06-16 10:38:50,cross_asset_merge_engine.py,1.74,OK
2026-06-16 10:38:51,forward_validation.py,0.46,OK
2026-06-16 10:38:51,signal_discovery_engine.py,0.63,OK
2026-06-16 10:38:52,update_market_memory.py,0.26,OK
2026-06-16 10:38:52,pattern_stability_tracker.py,0.26,OK
2026-06-16 10:38:52,confidence_score_engine.py,0.27,OK
2026-06-16 10:38:52,alpha_ranking_engine.py,0.27,OK
2026-06-16 10:38:53,pattern_snapshot_engine.py,0.28,OK
2026-06-16 10:38:53,data_quality_engine.py,0.71,OK
2026-06-16 10:38:54,nan_inspector_engine.py,0.58,OK
2026-06-16 10:38:54,research_question_engine.py,0.26,OK
2026-06-16 10:38:54,research_knowledge_engine.py,0.26,OK
2026-06-16 10:38:55,error_audit_engine.py,0.47,OK
2026-06-16 10:38:55,research_report_engine.py,0.27,OK
2026-06-16 10:38:55,send_telegram_alert.py,0.13,OK
2026-06-16 10:38:56,send_change_alert.py,0.31,OK
2026-06-16 10:38:56,alert_engine.py,0.32,OK
2026-06-16 10:38:56,run_pipeline.py,31.06,OK
2026-06-16 10:43:57,fetch_news.py,1.35,OK
2026-06-16 10:43:57,news_engine.py,0.25,OK
2026-06-16 10:44:04,download_data.py,6.31,OK
2026-06-16 10:44:04,benchmark_context_engine.py,0.39,OK
2026-06-16 10:44:04,market_state_engine.py,0.28,OK
2026-06-16 10:44:08,signal_engine.py,3.95,OK
2026-06-16 10:44:12,signal_cleaner_engine.py,3.47,OK
2026-06-16 10:44:12,sector_strength_engine.py,0.26,OK
2026-06-16 10:44:17,merge_engine.py,4.97,OK
2026-06-16 10:44:19,cross_asset_merge_engine.py,1.7,OK
2026-06-16 10:44:19,forward_validation.py,0.44,OK
2026-06-16 10:44:20,signal_discovery_engine.py,0.6,OK
2026-06-16 10:44:20,update_market_memory.py,0.26,OK
2026-06-16 10:44:20,pattern_stability_tracker.py,0.26,OK
2026-06-16 10:44:21,confidence_score_engine.py,0.25,OK
2026-06-16 10:44:21,alpha_ranking_engine.py,0.26,OK
2026-06-16 10:44:21,pattern_snapshot_engine.py,0.27,OK
2026-06-16 10:44:22,data_quality_engine.py,0.7,OK
2026-06-16 10:44:22,nan_inspector_engine.py,0.61,OK
2026-06-16 10:44:23,research_question_engine.py,0.26,OK
2026-06-16 10:44:23,research_knowledge_engine.py,0.26,OK
2026-06-16 10:44:23,error_audit_engine.py,0.46,OK
2026-06-16 10:44:24,research_report_engine.py,0.26,OK
2026-06-16 10:44:24,live_pattern_match_engine.py,0.55,OK
2026-06-16 10:44:24,context_aware_recommendation_engine.py,0.25,OK
2026-06-16 10:44:25,live_alpha_dashboard.py,0.25,OK
2026-06-16 10:44:25,live_monitor.py,0.26,OK
2026-06-16 10:44:25,portfolio_construction_engine.py,0.25,OK
2026-06-16 10:44:25,portfolio_performance_tracker.py,0.25,OK
2026-06-16 10:44:26,paper_trade_executor.py,0.25,OK
2026-06-16 10:44:26,trade_performance_engine.py,0.25,OK
2026-06-16 10:44:26,equity_curve_engine.py,0.25,OK
2026-06-16 10:44:26,risk_analytics_engine.py,0.25,OK
2026-06-16 10:44:27,daily_report_engine.py,0.26,OK
2026-06-16 10:44:27,send_telegram_alert.py,0.13,OK
2026-06-16 10:44:27,send_change_alert.py,0.31,OK
2026-06-16 10:44:27,alert_engine.py,0.31,OK
2026-06-16 10:44:27,run_pipeline.py,31.73,OK
2026-06-16 14:39:00,fetch_news.py,17.07,OK
2026-06-16 14:39:00,news_engine.py,0.28,OK
2026-06-16 14:39:56,download_data.py,55.43,OK
2026-06-16 14:39:56,benchmark_context_engine.py,0.44,OK
2026-06-16 14:39:56,market_state_engine.py,0.29,OK
2026-06-16 14:39:59,signal_engine.py,2.77,OK
2026-06-16 14:40:01,signal_cleaner_engine.py,2.45,OK
2026-06-16 14:40:02,sector_strength_engine.py,0.26,OK
2026-06-16 14:40:05,merge_engine.py,3.45,OK
2026-06-16 14:40:06,cross_asset_merge_engine.py,1.27,OK
2026-06-16 14:40:07,forward_validation.py,0.4,OK
2026-06-16 14:40:07,signal_discovery_engine.py,0.49,OK
2026-06-16 14:40:08,update_market_memory.py,0.26,OK
2026-06-16 14:40:08,pattern_stability_tracker.py,0.26,OK
2026-06-16 14:40:08,confidence_score_engine.py,0.26,OK
2026-06-16 14:40:08,alpha_ranking_engine.py,0.26,OK
2026-06-16 14:40:09,pattern_snapshot_engine.py,0.26,OK
2026-06-16 14:40:09,data_quality_engine.py,0.58,OK
2026-06-16 14:40:10,nan_inspector_engine.py,0.5,OK
2026-06-16 14:40:10,research_question_engine.py,0.25,OK
2026-06-16 14:40:10,research_knowledge_engine.py,0.26,OK
2026-06-16 14:40:11,error_audit_engine.py,0.4,OK
2026-06-16 14:40:11,research_report_engine.py,0.27,OK
2026-06-16 14:40:11,live_pattern_match_engine.py,0.45,OK
2026-06-16 14:40:12,context_aware_recommendation_engine.py,0.26,OK
2026-06-16 14:40:12,live_alpha_dashboard.py,0.25,OK
2026-06-16 14:40:12,live_monitor.py,0.26,OK
2026-06-16 14:40:12,portfolio_construction_engine.py,0.25,OK
2026-06-16 14:40:13,portfolio_performance_tracker.py,0.25,OK
2026-06-16 14:40:13,paper_trade_executor.py,0.26,OK
2026-06-16 14:40:13,trade_performance_engine.py,0.26,OK
2026-06-16 14:40:13,equity_curve_engine.py,0.25,OK
2026-06-16 14:40:14,risk_analytics_engine.py,0.25,OK
2026-06-16 14:40:14,daily_report_engine.py,0.26,OK
2026-06-16 14:40:14,send_telegram_alert.py,0.13,OK
2026-06-16 14:40:14,send_change_alert.py,0.31,OK
2026-06-16 14:40:15,alert_engine.py,0.31,OK
2026-06-16 14:40:15,run_pipeline.py,91.98,OK
2026-06-17 09:35:59,fetch_news.py,1.41,OK
2026-06-17 09:35:59,news_engine.py,0.26,OK
2026-06-17 09:36:06,download_data.py,7.11,OK
2026-06-17 09:36:07,benchmark_context_engine.py,0.4,OK
2026-06-17 09:36:07,market_state_engine.py,0.28,OK
2026-06-17 09:36:11,signal_engine.py,4.41,OK
2026-06-17 09:36:15,signal_cleaner_engine.py,3.9,OK
2026-06-17 09:36:16,sector_strength_engine.py,0.26,OK
2026-06-17 09:36:21,merge_engine.py,5.54,OK
2026-06-17 09:36:23,cross_asset_merge_engine.py,1.87,OK
2026-06-17 09:36:23,forward_validation.py,0.46,OK
2026-06-17 09:36:24,signal_discovery_engine.py,0.67,OK
2026-06-17 09:36:24,update_market_memory.py,0.29,OK
2026-06-17 09:36:25,pattern_stability_tracker.py,0.28,OK
2026-06-17 09:36:25,confidence_score_engine.py,0.3,OK
2026-06-17 09:36:25,alpha_ranking_engine.py,0.27,OK
2026-06-17 09:36:26,pattern_snapshot_engine.py,0.26,OK
2026-06-17 09:36:26,data_quality_engine.py,0.75,OK
2026-06-17 09:36:27,nan_inspector_engine.py,0.61,OK
2026-06-17 09:36:27,research_question_engine.py,0.28,OK
2026-06-17 09:36:27,research_knowledge_engine.py,0.28,OK
2026-06-17 09:36:28,error_audit_engine.py,0.51,OK
2026-06-17 09:36:28,research_report_engine.py,0.27,OK
2026-06-17 09:36:29,live_pattern_match_engine.py,0.61,OK
2026-06-17 09:36:29,context_aware_recommendation_engine.py,0.26,OK
2026-06-17 09:36:29,live_alpha_dashboard.py,0.26,OK
2026-06-17 09:36:30,live_monitor.py,0.26,OK
2026-06-17 09:36:30,portfolio_construction_engine.py,0.26,OK
2026-06-17 09:36:30,portfolio_performance_tracker.py,0.26,OK
2026-06-17 09:36:30,paper_trade_executor.py,0.26,OK
2026-06-17 09:36:31,trade_performance_engine.py,0.26,OK
2026-06-17 09:36:31,equity_curve_engine.py,0.25,OK
2026-06-17 09:36:31,risk_analytics_engine.py,0.25,OK
2026-06-17 09:36:31,daily_report_engine.py,0.25,OK
2026-06-17 09:36:32,send_telegram_alert.py,0.14,OK
2026-06-17 09:36:32,send_change_alert.py,0.31,OK
2026-06-17 09:36:32,alert_engine.py,0.31,OK
2026-06-17 09:36:32,run_pipeline.py,34.68,OK
2026-06-17 20:26:21,fetch_news.py,1.24,OK
2026-06-17 20:26:22,news_engine.py,0.25,OK
2026-06-17 20:26:37,download_data.py,15.02,OK
2026-06-17 20:26:37,benchmark_context_engine.py,0.4,OK
2026-06-17 20:26:37,market_state_engine.py,0.28,OK
2026-06-17 20:26:42,signal_engine.py,4.48,OK
2026-06-17 20:26:44,signal_cleaner_engine.py,1.68,OK
2026-06-17 20:26:44,sector_strength_engine.py,0.25,OK
2026-06-17 20:26:49,merge_engine.py,5.51,OK
2026-06-17 20:26:51,cross_asset_merge_engine.py,1.89,OK
2026-06-17 20:26:52,forward_validation.py,0.46,OK
2026-06-17 20:26:52,signal_discovery_engine.py,0.66,OK
2026-06-17 20:26:53,update_market_memory.py,0.26,OK
2026-06-17 20:26:53,pattern_stability_tracker.py,0.26,OK
2026-06-17 20:26:53,confidence_score_engine.py,0.27,OK
2026-06-17 20:26:53,alpha_ranking_engine.py,0.27,OK
2026-06-17 20:26:54,pattern_snapshot_engine.py,0.29,OK
2026-06-17 20:26:54,data_quality_engine.py,0.75,OK
2026-06-17 20:26:55,nan_inspector_engine.py,0.6,OK
2026-06-17 20:26:55,research_question_engine.py,0.25,OK
2026-06-17 20:26:56,research_knowledge_engine.py,0.26,OK
2026-06-17 20:26:56,error_audit_engine.py,0.54,OK
2026-06-17 20:26:56,research_report_engine.py,0.26,OK
2026-06-17 20:26:57,live_pattern_match_engine.py,0.59,OK
2026-06-17 20:26:57,context_aware_recommendation_engine.py,0.25,OK
2026-06-17 20:26:57,live_alpha_dashboard.py,0.25,OK
2026-06-17 20:26:58,live_monitor.py,0.25,OK
2026-06-17 20:26:58,portfolio_construction_engine.py,0.25,OK
2026-06-17 20:26:58,portfolio_performance_tracker.py,0.25,OK
2026-06-17 20:26:58,paper_trade_executor.py,0.25,OK
2026-06-17 20:26:59,trade_performance_engine.py,0.25,OK
2026-06-17 20:26:59,equity_curve_engine.py,0.25,OK
2026-06-17 20:26:59,risk_analytics_engine.py,0.25,OK
2026-06-17 20:26:59,daily_report_engine.py,0.25,OK
2026-06-17 20:27:00,send_telegram_alert.py,0.13,OK
2026-06-17 20:27:00,send_change_alert.py,0.31,OK
2026-06-17 20:27:00,alert_engine.py,0.31,OK
2026-06-17 20:27:00,run_pipeline.py,40.03,OK
2026-06-17 21:22:05,fetch_news.py,1.59,OK
2026-06-17 21:22:05,news_engine.py,0.25,OK
2026-06-17 21:22:12,download_data.py,6.81,OK
2026-06-17 21:22:12,benchmark_context_engine.py,0.4,OK
2026-06-17 21:22:12,market_state_engine.py,0.28,OK
2026-06-17 21:22:17,signal_engine.py,4.53,OK
2026-06-17 21:22:19,signal_cleaner_engine.py,1.72,OK
2026-06-17 21:22:19,sector_strength_engine.py,0.26,OK
2026-06-17 21:22:24,merge_engine.py,5.48,OK
2026-06-17 21:22:26,cross_asset_merge_engine.py,1.89,OK
2026-06-17 21:22:27,forward_validation.py,0.46,OK
2026-06-17 21:22:27,signal_discovery_engine.py,0.65,OK
2026-06-17 21:22:28,update_market_memory.py,0.25,OK
2026-06-17 21:22:28,pattern_stability_tracker.py,0.26,OK
2026-06-17 21:22:28,confidence_score_engine.py,0.26,OK
2026-06-17 21:22:29,alpha_ranking_engine.py,0.26,OK
2026-06-17 21:22:29,pattern_snapshot_engine.py,0.27,OK
2026-06-17 21:22:29,change_detection_engine.py,0.29,OK
2026-06-17 21:22:29,change_explanation_engine.py,0.26,OK
2026-06-17 21:22:30,data_quality_engine.py,0.74,OK
2026-06-17 21:22:31,nan_inspector_engine.py,0.62,OK
2026-06-17 21:22:31,research_question_engine.py,0.26,OK
2026-06-17 21:22:31,research_knowledge_engine.py,0.27,OK
2026-06-17 21:22:32,error_audit_engine.py,0.57,OK
2026-06-17 21:22:32,research_report_engine.py,0.26,OK
2026-06-17 21:22:32,send_telegram_alert.py,0.13,OK
2026-06-17 21:22:33,send_change_alert.py,0.31,OK
2026-06-17 21:22:33,alert_engine.py,0.72,OK
2026-06-17 21:22:33,run_pipeline.py,30.1,OK
2026-06-18 09:18:38,fetch_news.py,1.37,OK
2026-06-18 09:18:39,news_engine.py,0.25,OK
2026-06-18 09:18:46,download_data.py,7.73,OK
2026-06-18 09:18:47,benchmark_context_engine.py,0.41,OK
2026-06-18 09:18:47,market_state_engine.py,0.28,OK
2026-06-18 09:18:52,signal_engine.py,4.5,OK
2026-06-18 09:18:53,signal_cleaner_engine.py,1.71,OK
2026-06-18 09:18:54,sector_strength_engine.py,0.26,OK
2026-06-18 09:18:59,merge_engine.py,5.67,OK
2026-06-18 09:19:01,cross_asset_merge_engine.py,1.89,OK
2026-06-18 09:19:02,forward_validation.py,0.46,OK
2026-06-18 09:19:02,signal_discovery_engine.py,0.64,OK
2026-06-18 09:19:02,update_market_memory.py,0.25,OK
2026-06-18 09:19:03,pattern_stability_tracker.py,0.26,OK
2026-06-18 09:19:03,confidence_score_engine.py,0.25,OK
2026-06-18 09:19:03,alpha_ranking_engine.py,0.25,OK
2026-06-18 09:19:04,pattern_snapshot_engine.py,0.26,OK
2026-06-18 09:19:04,change_detection_engine.py,0.27,OK
2026-06-18 09:19:04,change_explanation_engine.py,0.27,OK
2026-06-18 09:19:05,data_quality_engine.py,0.74,OK
2026-06-18 09:19:05,nan_inspector_engine.py,0.61,OK
2026-06-18 09:19:06,research_question_engine.py,0.25,OK
2026-06-18 09:19:06,research_knowledge_engine.py,0.27,OK
2026-06-18 09:19:06,error_audit_engine.py,0.54,OK
2026-06-18 09:19:07,research_report_engine.py,0.26,OK
2026-06-18 09:19:07,live_pattern_match_engine.py,0.59,OK
2026-06-18 09:19:08,context_aware_recommendation_engine.py,0.26,OK
2026-06-18 09:19:08,live_alpha_dashboard.py,0.26,OK
2026-06-18 09:19:08,live_monitor.py,0.25,OK
2026-06-18 09:19:08,portfolio_construction_engine.py,0.25,OK
2026-06-18 09:19:09,portfolio_performance_tracker.py,0.25,OK
2026-06-18 09:19:09,paper_trade_executor.py,0.25,OK
2026-06-18 09:19:09,trade_performance_engine.py,0.25,OK
2026-06-18 09:19:09,equity_curve_engine.py,0.25,OK
2026-06-18 09:19:10,risk_analytics_engine.py,0.25,OK
2026-06-18 09:19:10,daily_report_engine.py,0.26,OK
2026-06-18 09:19:10,change_detection_engine.py,0.28,OK
2026-06-18 09:19:10,change_explanation_engine.py,0.25,OK
2026-06-18 09:19:11,send_telegram_alert.py,0.14,OK
2026-06-18 09:19:11,send_change_alert.py,0.31,OK
2026-06-18 09:19:12,alert_engine.py,0.7,OK
2026-06-18 09:19:12,run_pipeline.py,34.53,OK
2026-06-18 09:29:24,fetch_news.py,1.34,OK
2026-06-18 09:29:25,news_engine.py,0.25,OK
2026-06-18 09:29:47,download_data.py,22.57,OK
2026-06-18 09:29:48,benchmark_context_engine.py,0.48,OK
2026-06-18 09:29:48,market_state_engine.py,0.28,OK
2026-06-18 09:29:52,signal_engine.py,4.32,OK
2026-06-18 09:29:54,signal_cleaner_engine.py,1.66,OK
2026-06-18 09:29:54,sector_strength_engine.py,0.26,OK
2026-06-18 09:30:00,merge_engine.py,5.36,OK
2026-06-18 09:30:01,cross_asset_merge_engine.py,1.84,OK
2026-06-18 09:30:02,forward_validation.py,0.45,OK
2026-06-18 09:30:03,signal_discovery_engine.py,0.63,OK
2026-06-18 09:30:03,update_market_memory.py,0.25,OK
2026-06-18 09:30:03,pattern_stability_tracker.py,0.25,OK
2026-06-18 09:30:03,confidence_score_engine.py,0.26,OK
2026-06-18 09:30:04,alpha_ranking_engine.py,0.25,OK
2026-06-18 09:30:04,pattern_snapshot_engine.py,0.26,OK
2026-06-18 09:30:04,change_detection_engine.py,0.27,OK
2026-06-18 09:30:04,change_explanation_engine.py,0.26,OK
2026-06-18 09:30:05,data_quality_engine.py,0.72,OK
2026-06-18 09:30:06,nan_inspector_engine.py,0.59,OK
2026-06-18 09:30:06,research_question_engine.py,0.25,OK
2026-06-18 09:30:06,research_knowledge_engine.py,0.26,OK
2026-06-18 09:30:07,error_audit_engine.py,0.53,OK
2026-06-18 09:30:07,research_report_engine.py,0.26,OK
2026-06-18 09:30:07,send_telegram_alert.py,0.13,OK
2026-06-18 09:30:07,send_change_alert.py,0.32,OK
2026-06-18 09:30:08,alert_engine.py,0.7,OK
2026-06-18 09:30:08,run_pipeline.py,45.06,OK
2026-06-18 09:53:38,fetch_news.py,1.23,OK
2026-06-18 09:53:38,news_engine.py,0.25,OK
2026-06-18 09:54:16,download_data.py,37.71,OK
2026-06-18 09:54:16,benchmark_context_engine.py,0.4,OK
2026-06-18 09:54:16,market_state_engine.py,0.28,OK
2026-06-18 09:54:22,signal_engine.py,5.65,OK
2026-06-18 09:54:24,signal_cleaner_engine.py,2.06,OK
2026-06-18 09:54:24,sector_strength_engine.py,0.25,OK
2026-06-18 09:54:31,merge_engine.py,6.85,OK
2026-06-18 09:54:34,cross_asset_merge_engine.py,2.36,OK
2026-06-18 09:54:34,forward_validation.py,0.49,OK
2026-06-18 09:54:35,signal_discovery_engine.py,0.78,OK
2026-06-18 09:54:35,update_market_memory.py,0.26,OK
2026-06-18 09:54:35,pattern_stability_tracker.py,0.26,OK
2026-06-18 09:54:36,confidence_score_engine.py,0.25,OK
2026-06-18 09:54:36,alpha_ranking_engine.py,0.26,OK
2026-06-18 09:54:36,pattern_snapshot_engine.py,0.27,OK
2026-06-18 09:54:36,change_detection_engine.py,0.28,OK
2026-06-18 09:54:37,change_explanation_engine.py,0.27,OK
2026-06-18 09:54:38,data_quality_engine.py,0.85,OK
2026-06-18 09:54:38,nan_inspector_engine.py,0.68,OK
2026-06-18 09:54:38,research_question_engine.py,0.26,OK
2026-06-18 09:54:39,research_knowledge_engine.py,0.27,OK
2026-06-18 09:54:39,error_audit_engine.py,0.7,OK
2026-06-18 09:54:40,research_report_engine.py,0.27,OK
2026-06-18 09:54:40,live_pattern_match_engine.py,0.69,OK
2026-06-18 09:54:41,context_aware_recommendation_engine.py,0.26,OK
2026-06-18 09:54:41,live_alpha_dashboard.py,0.26,OK
2026-06-18 09:54:41,live_monitor.py,0.26,OK
2026-06-18 09:54:41,portfolio_construction_engine.py,0.25,OK
2026-06-18 09:54:42,portfolio_performance_tracker.py,0.25,OK
2026-06-18 09:54:42,paper_trade_executor.py,0.25,OK
2026-06-18 09:54:42,trade_performance_engine.py,0.25,OK
2026-06-18 09:54:42,equity_curve_engine.py,0.25,OK
2026-06-18 09:54:43,risk_analytics_engine.py,0.25,OK
2026-06-18 09:54:43,daily_report_engine.py,0.25,OK
2026-06-18 09:54:43,change_detection_engine.py,0.27,OK
2026-06-18 09:54:43,change_explanation_engine.py,0.25,OK
2026-06-18 09:54:44,send_telegram_alert.py,0.13,OK
2026-06-18 09:54:44,send_change_alert.py,0.31,OK
2026-06-18 09:54:45,alert_engine.py,0.79,OK
2026-06-18 09:54:45,run_pipeline.py,68.22,OK
