Pattern,Appearances,AvgReturn10D,RegimeCount,SurvivalScore,RegimeClass,BEAR_WR,BULL_WR,HIGH_VOLATILITY_WR,INSUFFICIENT_HISTORY_WR,SIDEWAYS_WR
PANIC|HIGH_VOLATILITY|VOLATILE|HIGH_VOL|VIX_EXTREME,858,4.13,1,68.18,INSTITUTIONAL,,,68.18,,
PANIC|SIDEWAYS|VOLATILE|SIDEWAYS|VIX_EXTREME,531,1.44,1,65.54,INSTITUTIONAL,,,,,65.54
PANIC|BULL|VOLATILE|BULL|VIX_HIGH,677,2.45,1,63.37,INSTITUTIONAL,,63.37,,,
PANIC|SIDEWAYS|VOLATILE|BULL|VIX_HIGH,710,1.93,1,62.82,INSTITUTIONAL,,,,,62.82
OVERSOLD|SIDEWAYS|NORMAL|SIDEWAYS|VIX_ELEVATED,524,1.42,1,62.21,INSTITUTIONAL,,,,,62.21
MOMENTUM|SIDEWAYS|NORMAL|SIDEWAYS|VIX_HIGH,678,1.18,1,61.65,INSTITUTIONAL,,,,,61.65
MOMENTUM|HIGH_VOLATILITY|VOLATILE|HIGH_VOL|VIX_EXTREME,917,2.38,1,61.29,INSTITUTIONAL,,,61.29,,
NONE|SIDEWAYS|NORMAL|SIDEWAYS|VIX_HIGH,3038,1.25,1,61.13,INSTITUTIONAL,,,,,61.13
MOMENTUM|BEAR|VOLATILE|SIDEWAYS|VIX_HIGH,565,1.89,1,60.88,INSTITUTIONAL,60.88,,,,
PANIC|SIDEWAYS|NORMAL|SIDEWAYS|VIX_HIGH,786,1.32,1,60.69,INSTITUTIONAL,,,,,60.69
OVERBOUGHT|BULL|NORMAL|BULL|VIX_ELEVATED,1950,1.14,1,60.67,INSTITUTIONAL,,60.67,,,
NONE|BULL|NORMAL|BULL|VIX_HIGH,2253,1.49,1,60.1,INSTITUTIONAL,,60.1,,,
MOMENTUM|SIDEWAYS|NORMAL|SIDEWAYS|VIX_ELEVATED,844,0.91,1,59.95,INSTITUTIONAL,,,,,59.95
MOMENTUM|SIDEWAYS|VOLATILE|SIDEWAYS|VIX_HIGH,1303,1.42,1,59.94,INSTITUTIONAL,,,,,59.94
NONE|SIDEWAYS|NORMAL|SIDEWAYS|VIX_ELEVATED,4850,0.95,1,59.77,INSTITUTIONAL,,,,,59.77
PANIC|BULL|NORMAL|SIDEWAYS|VIX_ELEVATED,515,1.21,1,59.61,INSTITUTIONAL,,59.61,,,
NONE|SIDEWAYS|NORMAL|BEAR|VIX_HIGH,991,0.69,1,59.03,INSTITUTIONAL,,,,,59.03
MOMENTUM|SIDEWAYS|VOLATILE|SIDEWAYS|VIX_ELEVATED,1484,1.1,1,58.49,INSTITUTIONAL,,,,,58.49
NONE|SIDEWAYS|NORMAL|SPY_INSUFFICIENT_HISTORY|VIX_UNAVAILABLE,533,1.5,1,58.35,INSTITUTIONAL,,,,,58.35
MOMENTUM|BULL|NORMAL|SIDEWAYS|VIX_ELEVATED,668,0.94,1,57.93,INSTITUTIONAL,,57.93,,,
NONE|BULL|NORMAL|SIDEWAYS|VIX_ELEVATED,3733,0.86,1,57.86,INSTITUTIONAL,,57.86,,,
PANIC|BULL|VOLATILE|SIDEWAYS|VIX_HIGH,686,0.9,1,57.58,INSTITUTIONAL,,57.58,,,
NONE|BULL|NORMAL|SIDEWAYS|VIX_LOW,1201,0.47,1,57.54,INSTITUTIONAL,,57.54,,,
MOMENTUM|BULL|VOLATILE|BULL|VIX_HIGH,1077,2.08,1,57.38,INSTITUTIONAL,,57.38,,,
NONE|BULL|NORMAL|SIDEWAYS|VIX_HIGH,2116,1.02,1,57.09,INSTITUTIONAL,,57.09,,,
OVERBOUGHT|BULL|NORMAL|SIDEWAYS|VIX_ELEVATED,527,0.67,1,56.93,INSTITUTIONAL,,56.93,,,
MOMENTUM|BULL|VOLATILE|SIDEWAYS|VIX_ELEVATED,1166,1.09,1,56.86,INSTITUTIONAL,,56.86,,,
NONE|BEAR|NORMAL|BEAR|VIX_HIGH,1036,0.84,1,56.85,INSTITUTIONAL,56.85,,,,
PANIC|SIDEWAYS|VOLATILE|SIDEWAYS|VIX_HIGH,1938,0.8,1,56.81,INSTITUTIONAL,,,,,56.81
NONE|INSUFFICIENT_HISTORY|NORMAL|SPY_INSUFFICIENT_HISTORY|VIX_HIGH,2192,0.48,1,56.75,INSTITUTIONAL,,,,56.75,
PANIC|SIDEWAYS|NORMAL|SIDEWAYS|VIX_ELEVATED,905,0.99,1,56.69,INSTITUTIONAL,,,,,56.69
PANIC|SIDEWAYS|VOLATILE|SIDEWAYS|VIX_ELEVATED,1632,0.93,1,56.68,INSTITUTIONAL,,,,,56.68
NONE|BULL|NORMAL|SPY_INSUFFICIENT_HISTORY|VIX_UNAVAILABLE,524,1.65,1,56.68,INSTITUTIONAL,,56.68,,,
NONE|HIGH_VOLATILITY|NORMAL|SIDEWAYS|VIX_HIGH,656,1.56,1,56.55,INSTITUTIONAL,,,56.55,,
PANIC|BULL|VOLATILE|SIDEWAYS|VIX_ELEVATED,661,0.85,1,56.43,INSTITUTIONAL,,56.43,,,
OVERBOUGHT|SIDEWAYS|NORMAL|BULL|VIX_LOW,1008,0.34,1,56.05,INSTITUTIONAL,,,,,56.05
MOMENTUM|BULL|VOLATILE|SIDEWAYS|VIX_HIGH,839,1.05,1,56.02,INSTITUTIONAL,,56.02,,,
OVERBOUGHT|BULL|NORMAL|BULL|VIX_LOW,4174,0.49,1,56.01,INSTITUTIONAL,,56.01,,,
PANIC|BULL|NORMAL|BULL|VIX_LOW,1596,0.89,1,55.89,INSTITUTIONAL,,55.89,,,
NONE|BEAR|NORMAL|SIDEWAYS|VIX_HIGH,1492,0.82,1,55.76,INSTITUTIONAL,55.76,,,,
MOMENTUM|BULL|VOLATILE|BULL|VIX_ELEVATED,2937,0.96,1,55.57,INSTITUTIONAL,,55.57,,,
NONE|BULL|NORMAL|BULL|VIX_LOW,15142,0.53,1,55.24,INSTITUTIONAL,,55.24,,,
MOMENTUM|BULL|NORMAL|BULL|VIX_ELEVATED,1763,0.56,1,55.19,INSTITUTIONAL,,55.19,,,
NONE|SIDEWAYS|NORMAL|SIDEWAYS|VIX_LOW,1335,0.35,1,54.46,ROBUST,,,,,54.46
MOMENTUM|BULL|NORMAL|BULL|VIX_LOW,2697,0.56,1,54.06,ROBUST,,54.06,,,
PANIC|BEAR|VOLATILE|SIDEWAYS|VIX_HIGH,941,0.45,1,53.99,ROBUST,53.99,,,,
MOMENTUM|BULL|VOLATILE|BULL|VIX_LOW,4026,1.07,1,53.9,ROBUST,,53.9,,,
MOMENTUM|BEAR|VOLATILE|SIDEWAYS|VIX_ELEVATED,525,0.85,1,53.9,ROBUST,53.9,,,,
NONE|BEAR|NORMAL|SIDEWAYS|VIX_ELEVATED,1959,0.55,1,53.8,ROBUST,53.8,,,,
PANIC|BEAR|VOLATILE|SIDEWAYS|VIX_ELEVATED,860,0.47,1,53.72,ROBUST,53.72,,,,
MOMENTUM|SIDEWAYS|VOLATILE|BULL|VIX_LOW,2339,0.59,1,53.66,ROBUST,,,,,53.66
NONE|SIDEWAYS|NORMAL|BULL|VIX_HIGH,1587,1.11,1,53.62,ROBUST,,,,,53.62
PANIC|BULL|VOLATILE|BULL|VIX_ELEVATED,1472,0.78,1,53.6,ROBUST,,53.6,,,
MOMENTUM|SIDEWAYS|NORMAL|BULL|VIX_LOW,1447,0.51,1,53.56,ROBUST,,,,,53.56
MOMENTUM|INSUFFICIENT_HISTORY|VOLATILE|SPY_INSUFFICIENT_HISTORY|VIX_HIGH,933,0.13,1,53.48,ROBUST,,,,53.48,
NONE|BULL|NORMAL|BULL|VIX_ELEVATED,9392,0.36,1,53.27,ROBUST,,53.27,,,
MOMENTUM|HIGH_VOLATILITY|VOLATILE|SIDEWAYS|VIX_HIGH,1236,1.34,1,53.24,ROBUST,,,53.24,,
PANIC|BULL|VOLATILE|BULL|VIX_LOW,1768,0.96,1,53.05,ROBUST,,53.05,,,
MOMENTUM|BEAR|VOLATILE|BULL|VIX_LOW,765,0.49,1,52.94,ROBUST,52.94,,,,
PANIC|HIGH_VOLATILITY|VOLATILE|BULL|VIX_HIGH,732,1.59,1,52.73,ROBUST,,,52.73,,
OVERSOLD|SIDEWAYS|NORMAL|BULL|VIX_LOW,667,0.32,1,52.62,ROBUST,,,,,52.62
PANIC|HIGH_VOLATILITY|VOLATILE|BULL|VIX_LOW,2005,3.23,1,52.52,ROBUST,,,52.52,,
NONE|HIGH_VOLATILITY|NORMAL|SIDEWAYS|VIX_ELEVATED,658,0.63,1,52.43,ROBUST,,,52.43,,
NONE|HIGH_VOLATILITY|NORMAL|BULL|VIX_ELEVATED,1132,1.45,1,52.3,ROBUST,,,52.3,,
PANIC|HIGH_VOLATILITY|VOLATILE|SIDEWAYS|VIX_ELEVATED,1023,1.25,1,52.3,ROBUST,,,52.3,,
NONE|SIDEWAYS|NORMAL|BULL|VIX_LOW,9715,0.37,1,52.17,ROBUST,,,,,52.17
PANIC|SIDEWAYS|VOLATILE|BULL|VIX_LOW,2094,0.56,1,52.1,ROBUST,,,,,52.1
PANIC|SIDEWAYS|NORMAL|BULL|VIX_ELEVATED,1183,0.35,1,51.99,ROBUST,,,,,51.99
PANIC|HIGH_VOLATILITY|VOLATILE|SIDEWAYS|VIX_HIGH,1216,0.59,1,51.97,ROBUST,,,51.97,,
PANIC|BEAR|VOLATILE|BULL|VIX_ELEVATED,1014,0.29,1,51.97,ROBUST,51.97,,,,
OVERBOUGHT|SIDEWAYS|NORMAL|BULL|VIX_ELEVATED,622,0.26,1,51.93,ROBUST,,,,,51.93
OVERSOLD|SIDEWAYS|NORMAL|BULL|VIX_ELEVATED,507,0.38,1,51.87,ROBUST,,,,,51.87
NONE|INSUFFICIENT_HISTORY|NORMAL|SPY_INSUFFICIENT_HISTORY|VIX_ELEVATED,1164,0.18,1,51.63,ROBUST,,,,51.63,
NONE|SIDEWAYS|NORMAL|BULL|VIX_ELEVATED,6736,0.23,1,51.59,ROBUST,,,,,51.59
PANIC|BEAR|VOLATILE|BEAR|VIX_HIGH,656,0.46,1,51.52,ROBUST,51.52,,,,
NONE|HIGH_VOLATILITY|NORMAL|BULL|VIX_LOW,1512,2.09,1,51.39,ROBUST,,,51.39,,
PANIC|SIDEWAYS|NORMAL|BULL|VIX_LOW,1425,0.26,1,51.37,ROBUST,,,,,51.37
MOMENTUM|SIDEWAYS|VOLATILE|BULL|VIX_HIGH,551,1.11,1,51.36,ROBUST,,,,,51.36
PANIC|HIGH_VOLATILITY|VOLATILE|BEAR|VIX_HIGH,536,0.53,1,51.31,ROBUST,,,51.31,,
MOMENTUM|HIGH_VOLATILITY|VOLATILE|BULL|VIX_LOW,2085,2.62,1,50.98,ROBUST,,,50.98,,
PANIC|BEAR|NORMAL|BULL|VIX_ELEVATED,508,-0.3,1,50.98,ROBUST,50.98,,,,
MOMENTUM|SIDEWAYS|VOLATILE|BULL|VIX_ELEVATED,2035,0.16,1,50.96,ROBUST,,,,,50.96
PANIC|BULL|NORMAL|BULL|VIX_ELEVATED,1166,0.48,1,50.6,ROBUST,,50.6,,,
PANIC|INSUFFICIENT_HISTORY|VOLATILE|SPY_INSUFFICIENT_HISTORY|VIX_HIGH,805,0.14,1,50.56,ROBUST,,,,50.56,
MOMENTUM|HIGH_VOLATILITY|VOLATILE|SIDEWAYS|VIX_ELEVATED,1066,0.72,1,50.38,ROBUST,,,50.38,,
PANIC|SIDEWAYS|VOLATILE|BULL|VIX_ELEVATED,2003,0.33,1,49.88,WEAK,,,,,49.88
NONE|BEAR|NORMAL|BULL|VIX_LOW,3578,0.01,1,49.61,WEAK,49.61,,,,
NONE|BEAR|NORMAL|BULL|VIX_ELEVATED,2425,0.02,1,49.61,WEAK,49.61,,,,
MOMENTUM|SIDEWAYS|NORMAL|BULL|VIX_ELEVATED,1079,0.13,1,49.03,WEAK,,,,,49.03
PANIC|BEAR|VOLATILE|BULL|VIX_LOW,1155,-0.32,1,48.31,WEAK,48.31,,,,
MOMENTUM|HIGH_VOLATILITY|VOLATILE|BULL|VIX_ELEVATED,1769,1.4,1,48.11,WEAK,,,48.11,,
NONE|BULL|NORMAL|BEAR|VIX_HIGH,548,-0.36,1,47.99,WEAK,,47.99,,,
PANIC|BEAR|NORMAL|BULL|VIX_LOW,668,-0.39,1,47.46,WEAK,47.46,,,,
MOMENTUM|BEAR|VOLATILE|BULL|VIX_ELEVATED,694,0.0,1,47.12,WEAK,47.12,,,,
PANIC|HIGH_VOLATILITY|VOLATILE|BULL|VIX_ELEVATED,1677,1.05,1,47.05,WEAK,,,47.05,,
MOMENTUM|HIGH_VOLATILITY|VOLATILE|BULL|VIX_HIGH,762,0.87,1,46.33,WEAK,,,46.33,,
OVERSOLD|BEAR|NORMAL|BULL|VIX_LOW,514,0.04,1,46.3,WEAK,46.3,,,,
NONE|SIDEWAYS|NORMAL|SIDEWAYS|VIX_EXTREME,498,2.01,1,0.0,INSUFFICIENT,,,,,67.47
NONE|BEAR|NORMAL|BULL|VIX_HIGH,480,0.5,1,0.0,INSUFFICIENT,53.12,,,,
MOMENTUM|BEAR|NORMAL|BULL|VIX_LOW,469,0.29,1,0.0,INSUFFICIENT,53.3,,,,
MOMENTUM|HIGH_VOLATILITY|VOLATILE|SPY_INSUFFICIENT_HISTORY|VIX_UNAVAILABLE,453,1.09,1,0.0,INSUFFICIENT,,,47.02,,
PANIC|BEAR|NORMAL|SIDEWAYS|VIX_ELEVATED,452,0.15,1,0.0,INSUFFICIENT,53.32,,,,
MOMENTUM|BULL|NORMAL|BULL|VIX_HIGH,445,1.56,1,0.0,INSUFFICIENT,,61.35,,,
PANIC|HIGH_VOLATILITY|VOLATILE|SIDEWAYS|VIX_EXTREME,443,3.39,1,0.0,INSUFFICIENT,,,59.37,,
MOMENTUM|HIGH_VOLATILITY|VOLATILE|BEAR|VIX_HIGH,440,0.59,1,0.0,INSUFFICIENT,,,52.5,,
NONE|HIGH_VOLATILITY|NORMAL|BULL|VIX_HIGH,433,3.3,1,0.0,INSUFFICIENT,,,56.81,,
OVERBOUGHT|BULL|NORMAL|BULL|VIX_HIGH,432,1.72,1,0.0,INSUFFICIENT,,58.1,,,
OVERBOUGHT|SIDEWAYS|NORMAL|SIDEWAYS|VIX_ELEVATED,429,-0.04,1,0.0,INSUFFICIENT,,,,,53.61
PANIC|SIDEWAYS|VOLATILE|BEAR|VIX_HIGH,426,0.88,1,0.0,INSUFFICIENT,,,,,55.16
PANIC|INSUFFICIENT_HISTORY|NORMAL|SPY_INSUFFICIENT_HISTORY|VIX_HIGH,424,0.58,1,0.0,INSUFFICIENT,,,,54.25,
NONE|HIGH_VOLATILITY|NORMAL|SPY_INSUFFICIENT_HISTORY|VIX_UNAVAILABLE,418,1.24,1,0.0,INSUFFICIENT,,,52.39,,
PANIC|BULL|NORMAL|BULL|VIX_HIGH,414,1.33,1,0.0,INSUFFICIENT,,60.87,,,
MOMENTUM|BULL|NORMAL|SIDEWAYS|VIX_HIGH,412,0.96,1,0.0,INSUFFICIENT,,58.74,,,
PANIC|BULL|NORMAL|SIDEWAYS|VIX_HIGH,409,0.81,1,0.0,INSUFFICIENT,,56.97,,,
MOMENTUM|BEAR|VOLATILE|BEAR|VIX_HIGH,408,0.92,1,0.0,INSUFFICIENT,55.15,,,,
NONE|HIGH_VOLATILITY|NORMAL|HIGH_VOL|VIX_EXTREME,406,3.14,1,0.0,INSUFFICIENT,,,66.26,,
NONE|BEAR|NORMAL|SIDEWAYS|VIX_LOW,405,-0.22,1,0.0,INSUFFICIENT,49.38,,,,
OVERSOLD|BEAR|NORMAL|SIDEWAYS|VIX_ELEVATED,400,0.52,1,0.0,INSUFFICIENT,53.0,,,,
MOMENTUM|INSUFFICIENT_HISTORY|NORMAL|SPY_INSUFFICIENT_HISTORY|VIX_HIGH,399,0.91,1,0.0,INSUFFICIENT,,,,59.9,
OVERSOLD|BEAR|NORMAL|BULL|VIX_ELEVATED,397,-0.02,1,0.0,INSUFFICIENT,53.15,,,,
PANIC|BEAR|NORMAL|SIDEWAYS|VIX_HIGH,395,0.68,1,0.0,INSUFFICIENT,55.44,,,,
MOMENTUM|INSUFFICIENT_HISTORY|VOLATILE|SPY_INSUFFICIENT_HISTORY|VIX_ELEVATED,385,-0.79,1,0.0,INSUFFICIENT,,,,45.71,
PANIC|HIGH_VOLATILITY|NORMAL|BULL|VIX_LOW,384,2.53,1,0.0,INSUFFICIENT,,,54.95,,
PANIC|BEAR|VOLATILE|BEAR|VIX_EXTREME,382,2.98,1,0.0,INSUFFICIENT,68.85,,,,
MOMENTUM|SIDEWAYS|VOLATILE|BEAR|VIX_HIGH,380,0.4,1,0.0,INSUFFICIENT,,,,,55.53
OVERSOLD|SIDEWAYS|NORMAL|SIDEWAYS|VIX_HIGH,377,0.41,1,0.0,INSUFFICIENT,,,,,54.11
PANIC|HIGH_VOLATILITY|VOLATILE|SPY_INSUFFICIENT_HISTORY|VIX_UNAVAILABLE,377,1.96,1,0.0,INSUFFICIENT,,,59.15,,
MOMENTUM|SIDEWAYS|VOLATILE|SIDEWAYS|VIX_LOW,371,0.1,1,0.0,INSUFFICIENT,,,,,52.29
MOMENTUM|BEAR|NORMAL|BULL|VIX_ELEVATED,370,-0.62,1,0.0,INSUFFICIENT,48.38,,,,
NONE|BEAR|NORMAL|BEAR|VIX_EXTREME,367,1.27,1,0.0,INSUFFICIENT,62.94,,,,
NONE|INSUFFICIENT_HISTORY|NORMAL|BULL|VIX_LOW,366,0.89,1,0.0,INSUFFICIENT,,,,40.71,
NONE|HIGH_VOLATILITY|NORMAL|BEAR|VIX_HIGH,358,0.33,1,0.0,INSUFFICIENT,,,53.35,,
PANIC|SIDEWAYS|NORMAL|BULL|VIX_HIGH,355,0.59,1,0.0,INSUFFICIENT,,,,,54.37
MOMENTUM|HIGH_VOLATILITY|VOLATILE|SIDEWAYS|VIX_EXTREME,347,-0.3,1,0.0,INSUFFICIENT,,,48.13,,
MOMENTUM|HIGH_VOLATILITY|NORMAL|BULL|VIX_LOW,341,2.93,1,0.0,INSUFFICIENT,,,50.15,,
NONE|INSUFFICIENT_HISTORY|NORMAL|SPY_INSUFFICIENT_HISTORY|VIX_EXTREME,335,1.29,1,0.0,INSUFFICIENT,,,,61.19,
PANIC|INSUFFICIENT_HISTORY|VOLATILE|SPY_INSUFFICIENT_HISTORY|VIX_EXTREME,334,1.09,1,0.0,INSUFFICIENT,,,,57.49,
MOMENTUM|SIDEWAYS|VOLATILE|SIDEWAYS|VIX_EXTREME,318,0.92,1,0.0,INSUFFICIENT,,,,,61.95
OVERBOUGHT|BULL|NORMAL|SIDEWAYS|VIX_HIGH,316,1.59,1,0.0,INSUFFICIENT,,68.04,,,
NONE|BEAR|NORMAL|SPY_INSUFFICIENT_HISTORY|VIX_UNAVAILABLE,308,0.21,1,0.0,INSUFFICIENT,48.05,,,,
MOMENTUM|BEAR|NORMAL|SIDEWAYS|VIX_ELEVATED,300,-0.24,1,0.0,INSUFFICIENT,49.33,,,,
MOMENTUM|HIGH_VOLATILITY|NORMAL|BULL|VIX_ELEVATED,294,0.34,1,0.0,INSUFFICIENT,,,49.66,,
NONE|BULL|NORMAL|SIDEWAYS|VIX_EXTREME,292,1.52,1,0.0,INSUFFICIENT,,60.62,,,
PANIC|HIGH_VOLATILITY|NORMAL|BULL|VIX_ELEVATED,292,1.06,1,0.0,INSUFFICIENT,,,51.71,,
OVERBOUGHT|SIDEWAYS|NORMAL|SIDEWAYS|VIX_HIGH,284,1.1,1,0.0,INSUFFICIENT,,,,,65.85
PANIC|BEAR|VOLATILE|BULL|VIX_HIGH,284,0.66,1,0.0,INSUFFICIENT,50.7,,,,
MOMENTUM|BULL|VOLATILE|SIDEWAYS|VIX_LOW,276,1.08,1,0.0,INSUFFICIENT,,58.7,,,
OVERBOUGHT|INSUFFICIENT_HISTORY|NORMAL|SPY_INSUFFICIENT_HISTORY|VIX_ELEVATED,274,0.95,1,0.0,INSUFFICIENT,,,,69.71,
PANIC|BEAR|VOLATILE|SIDEWAYS|VIX_EXTREME,273,0.88,1,0.0,INSUFFICIENT,55.68,,,,
PANIC|INSUFFICIENT_HISTORY|VOLATILE|SPY_INSUFFICIENT_HISTORY|VIX_ELEVATED,267,-0.5,1,0.0,INSUFFICIENT,,,,42.7,
OVERBOUGHT|INSUFFICIENT_HISTORY|NORMAL|SPY_INSUFFICIENT_HISTORY|VIX_HIGH,265,1.25,1,0.0,INSUFFICIENT,,,,64.91,
PANIC|HIGH_VOLATILITY|VOLATILE|BEAR|VIX_EXTREME,258,0.19,1,0.0,INSUFFICIENT,,,54.26,,
MOMENTUM|BULL|VOLATILE|BEAR|VIX_HIGH,256,0.42,1,0.0,INSUFFICIENT,,53.91,,,
MOMENTUM|SIDEWAYS|NORMAL|BULL|VIX_HIGH,255,0.68,1,0.0,INSUFFICIENT,,,,,51.76
NONE|SIDEWAYS|NORMAL|BEAR|VIX_EXTREME,253,0.33,1,0.0,INSUFFICIENT,,,,,56.13
MOMENTUM|BEAR|NORMAL|SIDEWAYS|VIX_HIGH,249,1.44,1,0.0,INSUFFICIENT,58.63,,,,
MOMENTUM|SIDEWAYS|NORMAL|SIDEWAYS|VIX_LOW,249,0.71,1,0.0,INSUFFICIENT,,,,,57.43
PANIC|SIDEWAYS|VOLATILE|BEAR|VIX_EXTREME,241,1.25,1,0.0,INSUFFICIENT,,,,,60.58
PANIC|BEAR|NORMAL|BEAR|VIX_HIGH,229,1.16,1,0.0,INSUFFICIENT,60.26,,,,
NONE|INSUFFICIENT_HISTORY|NORMAL|BULL|VIX_ELEVATED,225,-0.1,1,0.0,INSUFFICIENT,,,,42.22,
OVERSOLD|BEAR|NORMAL|SIDEWAYS|VIX_HIGH,225,1.8,1,0.0,INSUFFICIENT,63.11,,,,
NONE|SIDEWAYS|NORMAL|HIGH_VOL|VIX_HIGH,217,1.03,1,0.0,INSUFFICIENT,,,,,54.38
PANIC|SIDEWAYS|VOLATILE|SIDEWAYS|VIX_LOW,217,0.15,1,0.0,INSUFFICIENT,,,,,52.53
OVERBOUGHT|HIGH_VOLATILITY|NORMAL|BULL|VIX_LOW,216,2.47,1,0.0,INSUFFICIENT,,,57.41,,
NONE|HIGH_VOLATILITY|NORMAL|SIDEWAYS|VIX_EXTREME,214,2.45,1,0.0,INSUFFICIENT,,,57.48,,
MOMENTUM|INSUFFICIENT_HISTORY|VOLATILE|BULL|VIX_LOW,213,3.79,1,0.0,INSUFFICIENT,,,,47.42,
MOMENTUM|BULL|VOLATILE|SPY_INSUFFICIENT_HISTORY|VIX_UNAVAILABLE,210,2.1,1,0.0,INSUFFICIENT,,51.9,,,
MOMENTUM|INSUFFICIENT_HISTORY|NORMAL|SPY_INSUFFICIENT_HISTORY|VIX_ELEVATED,210,-0.04,1,0.0,INSUFFICIENT,,,,51.9,
MOMENTUM|SIDEWAYS|NORMAL|BEAR|VIX_HIGH,208,1.13,1,0.0,INSUFFICIENT,,,,,59.13
PANIC|INSUFFICIENT_HISTORY|VOLATILE|BULL|VIX_LOW,208,0.52,1,0.0,INSUFFICIENT,,,,41.83,
MOMENTUM|BEAR|VOLATILE|BEAR|VIX_EXTREME,205,2.05,1,0.0,INSUFFICIENT,67.32,,,,
PANIC|SIDEWAYS|NORMAL|BEAR|VIX_HIGH,203,0.6,1,0.0,INSUFFICIENT,,,,,60.59
MOMENTUM|SIDEWAYS|VOLATILE|SPY_INSUFFICIENT_HISTORY|VIX_UNAVAILABLE,202,1.02,1,0.0,INSUFFICIENT,,,,,53.47
MOMENTUM|BULL|NORMAL|SIDEWAYS|VIX_LOW,201,0.29,1,0.0,INSUFFICIENT,,57.71,,,
MOMENTUM|HIGH_VOLATILITY|VOLATILE|HIGH_VOL|VIX_HIGH,200,0.97,1,0.0,INSUFFICIENT,,,55.5,,
MOMENTUM|HIGH_VOLATILITY|VOLATILE|SIDEWAYS|VIX_LOW,198,4.04,1,0.0,INSUFFICIENT,,,53.03,,
PANIC|HIGH_VOLATILITY|NORMAL|SIDEWAYS|VIX_HIGH,196,2.22,1,0.0,INSUFFICIENT,,,58.67,,
MOMENTUM|BEAR|NORMAL|BEAR|VIX_HIGH,194,0.99,1,0.0,INSUFFICIENT,59.79,,,,
OVERBOUGHT|BULL|NORMAL|SIDEWAYS|VIX_LOW,191,0.57,1,0.0,INSUFFICIENT,,58.64,,,
PANIC|INSUFFICIENT_HISTORY|NORMAL|SPY_INSUFFICIENT_HISTORY|VIX_ELEVATED,190,-0.55,1,0.0,INSUFFICIENT,,,,46.84,
PANIC|SIDEWAYS|NORMAL|SIDEWAYS|VIX_LOW,186,0.35,1,0.0,INSUFFICIENT,,,,,53.23
OVERBOUGHT|SIDEWAYS|NORMAL|SIDEWAYS|VIX_LOW,185,0.3,1,0.0,INSUFFICIENT,,,,,62.7
NONE|HIGH_VOLATILITY|NORMAL|HIGH_VOL|VIX_HIGH,182,3.46,1,0.0,INSUFFICIENT,,,67.03,,
PANIC|SIDEWAYS|VOLATILE|HIGH_VOL|VIX_EXTREME,182,-5.3,1,0.0,INSUFFICIENT,,,,,50.0
MOMENTUM|BULL|VOLATILE|SIDEWAYS|VIX_EXTREME,181,1.44,1,0.0,INSUFFICIENT,,56.91,,,
NONE|BEAR|NORMAL|HIGH_VOL|VIX_HIGH,181,1.31,1,0.0,INSUFFICIENT,61.88,,,,
NONE|BEAR|NORMAL|SIDEWAYS|VIX_EXTREME,178,2.0,1,0.0,INSUFFICIENT,69.66,,,,
PANIC|BEAR|VOLATILE|HIGH_VOL|VIX_EXTREME,178,-2.87,1,0.0,INSUFFICIENT,55.62,,,,
PANIC|HIGH_VOLATILITY|VOLATILE|SIDEWAYS|VIX_LOW,178,4.07,1,0.0,INSUFFICIENT,,,52.81,,
MOMENTUM|HIGH_VOLATILITY|NORMAL|SIDEWAYS|VIX_HIGH,177,-0.23,1,0.0,INSUFFICIENT,,,47.46,,
MOMENTUM|BEAR|VOLATILE|BULL|VIX_HIGH,176,-0.13,1,0.0,INSUFFICIENT,48.86,,,,
MOMENTUM|HIGH_VOLATILITY|VOLATILE|BEAR|VIX_EXTREME,175,-1.82,1,0.0,INSUFFICIENT,,,49.71,,
PANIC|BULL|VOLATILE|BEAR|VIX_HIGH,169,-1.5,1,0.0,INSUFFICIENT,,47.34,,,
NONE|BULL|NORMAL|BEAR|VIX_EXTREME,168,0.35,1,0.0,INSUFFICIENT,,57.74,,,
PANIC|HIGH_VOLATILITY|NORMAL|SIDEWAYS|VIX_ELEVATED,166,1.02,1,0.0,INSUFFICIENT,,,50.6,,
PANIC|SIDEWAYS|VOLATILE|SPY_INSUFFICIENT_HISTORY|VIX_UNAVAILABLE,159,-0.65,1,0.0,INSUFFICIENT,,,,,50.94
MOMENTUM|INSUFFICIENT_HISTORY|VOLATILE|SPY_INSUFFICIENT_HISTORY|VIX_EXTREME,149,-1.01,1,0.0,INSUFFICIENT,,,,47.65,
NONE|SIDEWAYS|NORMAL|HIGH_VOL|VIX_EXTREME,149,-2.61,1,0.0,INSUFFICIENT,,,,,54.36
MOMENTUM|HIGH_VOLATILITY|NORMAL|SIDEWAYS|VIX_ELEVATED,148,1.56,1,0.0,INSUFFICIENT,,,54.05,,
PANIC|HIGH_VOLATILITY|NORMAL|BULL|VIX_HIGH,146,1.67,1,0.0,INSUFFICIENT,,,53.42,,
PANIC|BULL|VOLATILE|SIDEWAYS|VIX_EXTREME,145,3.32,1,0.0,INSUFFICIENT,,68.97,,,
PANIC|HIGH_VOLATILITY|VOLATILE|HIGH_VOL|VIX_HIGH,144,3.08,1,0.0,INSUFFICIENT,,,64.58,,
MOMENTUM|SIDEWAYS|VOLATILE|HIGH_VOL|VIX_EXTREME,143,-3.31,1,0.0,INSUFFICIENT,,,,,48.95
NONE|HIGH_VOLATILITY|NORMAL|SIDEWAYS|VIX_LOW,141,3.6,1,0.0,INSUFFICIENT,,,58.16,,
OVERSOLD|BEAR|NORMAL|BEAR|VIX_HIGH,140,-0.29,1,0.0,INSUFFICIENT,50.71,,,,
PANIC|SIDEWAYS|NORMAL|SIDEWAYS|VIX_EXTREME,137,2.92,1,0.0,INSUFFICIENT,,,,,72.99
NONE|BEAR|NORMAL|HIGH_VOL|VIX_EXTREME,135,0.57,1,0.0,INSUFFICIENT,60.74,,,,
PANIC|BEAR|NORMAL|BULL|VIX_HIGH,133,0.5,1,0.0,INSUFFICIENT,52.63,,,,
OVERBOUGHT|HIGH_VOLATILITY|NORMAL|BULL|VIX_ELEVATED,130,2.34,1,0.0,INSUFFICIENT,,,58.46,,
OVERSOLD|INSUFFICIENT_HISTORY|NORMAL|SPY_INSUFFICIENT_HISTORY|VIX_HIGH,130,0.85,1,0.0,INSUFFICIENT,,,,53.85,
PANIC|BEAR|VOLATILE|SIDEWAYS|VIX_LOW,129,-1.96,1,0.0,INSUFFICIENT,35.66,,,,
MOMENTUM|SIDEWAYS|VOLATILE|BEAR|VIX_EXTREME,128,2.13,1,0.0,INSUFFICIENT,,,,,71.09
OVERSOLD|SIDEWAYS|NORMAL|BULL|VIX_HIGH,127,0.24,1,0.0,INSUFFICIENT,,,,,54.33
NONE|BULL|NORMAL|HIGH_VOL|VIX_EXTREME,121,-0.26,1,0.0,INSUFFICIENT,,52.07,,,
PANIC|INSUFFICIENT_HISTORY|VOLATILE|BULL|VIX_ELEVATED,121,0.52,1,0.0,INSUFFICIENT,,,,37.19,
MOMENTUM|INSUFFICIENT_HISTORY|VOLATILE|BULL|VIX_ELEVATED,119,-0.17,1,0.0,INSUFFICIENT,,,,37.82,
PANIC|BULL|VOLATILE|SIDEWAYS|VIX_LOW,119,0.81,1,0.0,INSUFFICIENT,,53.78,,,
PANIC|BULL|NORMAL|SIDEWAYS|VIX_LOW,118,-0.05,1,0.0,INSUFFICIENT,,50.85,,,
MOMENTUM|BEAR|VOLATILE|HIGH_VOL|VIX_EXTREME,114,-1.19,1,0.0,INSUFFICIENT,55.26,,,,
PANIC|BEAR|NORMAL|BEAR|VIX_EXTREME,110,1.87,1,0.0,INSUFFICIENT,72.73,,,,
NONE|BULL|NORMAL|HIGH_VOL|VIX_HIGH,108,1.87,1,0.0,INSUFFICIENT,,59.26,,,
OVERBOUGHT|BULL|NORMAL|SPY_INSUFFICIENT_HISTORY|VIX_UNAVAILABLE,104,2.4,1,0.0,INSUFFICIENT,,52.88,,,
MOMENTUM|SIDEWAYS|NORMAL|SIDEWAYS|VIX_EXTREME,103,2.62,1,0.0,INSUFFICIENT,,,,,73.79
MOMENTUM|SIDEWAYS|VOLATILE|HIGH_VOL|VIX_HIGH,103,-0.51,1,0.0,INSUFFICIENT,,,,,47.57
MOMENTUM|BEAR|VOLATILE|SIDEWAYS|VIX_EXTREME,102,2.55,1,0.0,INSUFFICIENT,69.61,,,,
MOMENTUM|BULL|NORMAL|BEAR|VIX_HIGH,101,-0.81,1,0.0,INSUFFICIENT,,45.54,,,
MOMENTUM|SIDEWAYS|NORMAL|SPY_INSUFFICIENT_HISTORY|VIX_UNAVAILABLE,101,1.39,1,0.0,INSUFFICIENT,,,,,54.46
PANIC|HIGH_VOLATILITY|NORMAL|HIGH_VOL|VIX_EXTREME,101,1.69,1,0.0,INSUFFICIENT,,,61.39,,
NONE|BEAR|NORMAL|BEAR|VIX_ELEVATED,99,1.27,1,0.0,INSUFFICIENT,66.67,,,,
MOMENTUM|HIGH_VOLATILITY|NORMAL|BULL|VIX_HIGH,98,1.25,1,0.0,INSUFFICIENT,,,51.02,,
MOMENTUM|BEAR|VOLATILE|SIDEWAYS|VIX_LOW,97,0.28,1,0.0,INSUFFICIENT,47.42,,,,
MOMENTUM|BULL|VOLATILE|BEAR|VIX_EXTREME,97,-0.7,1,0.0,INSUFFICIENT,,53.61,,,
PANIC|BEAR|VOLATILE|SPY_INSUFFICIENT_HISTORY|VIX_UNAVAILABLE,96,1.02,1,0.0,INSUFFICIENT,58.33,,,,
MOMENTUM|BULL|NORMAL|SPY_INSUFFICIENT_HISTORY|VIX_UNAVAILABLE,95,2.07,1,0.0,INSUFFICIENT,,52.63,,,
PANIC|HIGH_VOLATILITY|NORMAL|BEAR|VIX_HIGH,95,-0.42,1,0.0,INSUFFICIENT,,,47.37,,
PANIC|INSUFFICIENT_HISTORY|NORMAL|SPY_INSUFFICIENT_HISTORY|VIX_EXTREME,94,0.57,1,0.0,INSUFFICIENT,,,,50.0,
OVERSOLD|BEAR|NORMAL|SIDEWAYS|VIX_LOW,93,-1.04,1,0.0,INSUFFICIENT,44.09,,,,
NONE|HIGH_VOLATILITY|NORMAL|BEAR|VIX_EXTREME,92,-0.3,1,0.0,INSUFFICIENT,,,51.09,,
NONE|INSUFFICIENT_HISTORY|NORMAL|SIDEWAYS|VIX_ELEVATED,92,0.86,1,0.0,INSUFFICIENT,,,,44.57,
OVERSOLD|HIGH_VOLATILITY|NORMAL|BULL|VIX_LOW,90,2.03,1,0.0,INSUFFICIENT,,,55.56,,
PANIC|BULL|VOLATILE|SPY_INSUFFICIENT_HISTORY|VIX_UNAVAILABLE,89,2.09,1,0.0,INSUFFICIENT,,55.06,,,
PANIC|HIGH_VOLATILITY|NORMAL|SPY_INSUFFICIENT_HISTORY|VIX_UNAVAILABLE,89,1.34,1,0.0,INSUFFICIENT,,,50.56,,
MOMENTUM|BEAR|VOLATILE|HIGH_VOL|VIX_HIGH,87,0.69,1,0.0,INSUFFICIENT,63.22,,,,
MOMENTUM|HIGH_VOLATILITY|NORMAL|SPY_INSUFFICIENT_HISTORY|VIX_UNAVAILABLE,87,1.39,1,0.0,INSUFFICIENT,,,55.17,,
MOMENTUM|BULL|VOLATILE|HIGH_VOL|VIX_EXTREME,86,-1.34,1,0.0,INSUFFICIENT,,46.51,,,
OVERSOLD|HIGH_VOLATILITY|NORMAL|BULL|VIX_ELEVATED,86,1.42,1,0.0,INSUFFICIENT,,,48.84,,
PANIC|BULL|VOLATILE|BEAR|VIX_EXTREME,85,0.68,1,0.0,INSUFFICIENT,,57.65,,,
MOMENTUM|BEAR|VOLATILE|SPY_INSUFFICIENT_HISTORY|VIX_UNAVAILABLE,83,0.05,1,0.0,INSUFFICIENT,46.99,,,,
OVERBOUGHT|SIDEWAYS|NORMAL|BULL|VIX_HIGH,83,1.77,1,0.0,INSUFFICIENT,,,,,65.06
OVERSOLD|SIDEWAYS|NORMAL|SIDEWAYS|VIX_EXTREME,83,3.29,1,0.0,INSUFFICIENT,,,,,73.49
PANIC|BULL|NORMAL|BEAR|VIX_HIGH,82,-0.56,1,0.0,INSUFFICIENT,,46.34,,,
PANIC|SIDEWAYS|NORMAL|BEAR|VIX_EXTREME,82,-0.16,1,0.0,INSUFFICIENT,,,,,56.1
PANIC|INSUFFICIENT_HISTORY|NORMAL|BULL|VIX_LOW,81,2.41,1,0.0,INSUFFICIENT,,,,44.44,
NONE|INSUFFICIENT_HISTORY|NORMAL|SPY_INSUFFICIENT_HISTORY|VIX_UNAVAILABLE,80,1.52,1,0.0,INSUFFICIENT,,,,56.25,
NONE|SIDEWAYS|NORMAL|BEAR|VIX_ELEVATED,80,0.04,1,0.0,INSUFFICIENT,,,,,60.0
OVERBOUGHT|SIDEWAYS|NORMAL|BEAR|VIX_HIGH,79,1.81,1,0.0,INSUFFICIENT,,,,,68.35
NONE|INSUFFICIENT_HISTORY|NORMAL|BULL|VIX_HIGH,77,1.08,1,0.0,INSUFFICIENT,,,,48.05,
MOMENTUM|BEAR|NORMAL|BEAR|VIX_EXTREME,75,0.66,1,0.0,INSUFFICIENT,62.67,,,,
OVERBOUGHT|HIGH_VOLATILITY|NORMAL|SIDEWAYS|VIX_ELEVATED,74,-0.29,1,0.0,INSUFFICIENT,,,43.24,,
OVERSOLD|BEAR|NORMAL|BULL|VIX_HIGH,74,1.27,1,0.0,INSUFFICIENT,60.81,,,,
PANIC|BEAR|NORMAL|SIDEWAYS|VIX_LOW,74,-0.6,1,0.0,INSUFFICIENT,39.19,,,,
MOMENTUM|HIGH_VOLATILITY|NORMAL|HIGH_VOL|VIX_EXTREME,73,0.93,1,0.0,INSUFFICIENT,,,54.79,,
MOMENTUM|BEAR|NORMAL|BULL|VIX_HIGH,72,-0.18,1,0.0,INSUFFICIENT,43.06,,,,
MOMENTUM|INSUFFICIENT_HISTORY|VOLATILE|SPY_INSUFFICIENT_HISTORY|VIX_UNAVAILABLE,72,3.18,1,0.0,INSUFFICIENT,,,,51.39,
MOMENTUM|BULL|NORMAL|SIDEWAYS|VIX_EXTREME,70,2.56,1,0.0,INSUFFICIENT,,65.71,,,
PANIC|SIDEWAYS|VOLATILE|HIGH_VOL|VIX_HIGH,68,1.89,1,0.0,INSUFFICIENT,,,,,58.82
MOMENTUM|HIGH_VOLATILITY|NORMAL|BEAR|VIX_HIGH,67,2.34,1,0.0,INSUFFICIENT,,,62.69,,
PANIC|BULL|NORMAL|SPY_INSUFFICIENT_HISTORY|VIX_UNAVAILABLE,66,2.43,1,0.0,INSUFFICIENT,,63.64,,,
OVERBOUGHT|HIGH_VOLATILITY|NORMAL|BULL|VIX_HIGH,64,3.53,1,0.0,INSUFFICIENT,,,65.62,,
PANIC|SIDEWAYS|NORMAL|SPY_INSUFFICIENT_HISTORY|VIX_UNAVAILABLE,64,0.7,1,0.0,INSUFFICIENT,,,,,48.44
OVERSOLD|INSUFFICIENT_HISTORY|NORMAL|BULL|VIX_LOW,62,1.73,1,0.0,INSUFFICIENT,,,,51.61,
OVERBOUGHT|BULL|NORMAL|BEAR|VIX_HIGH,61,-2.94,1,0.0,INSUFFICIENT,,36.07,,,
MOMENTUM|BEAR|NORMAL|SPY_INSUFFICIENT_HISTORY|VIX_UNAVAILABLE,60,0.12,1,0.0,INSUFFICIENT,58.33,,,,
MOMENTUM|SIDEWAYS|NORMAL|BEAR|VIX_EXTREME,60,0.05,1,0.0,INSUFFICIENT,,,,,48.33
PANIC|HIGH_VOLATILITY|NORMAL|SIDEWAYS|VIX_EXTREME,60,2.96,1,0.0,INSUFFICIENT,,,61.67,,
OVERSOLD|SIDEWAYS|NORMAL|SIDEWAYS|VIX_LOW,59,0.41,1,0.0,INSUFFICIENT,,,,,66.1
PANIC|INSUFFICIENT_HISTORY|VOLATILE|SIDEWAYS|VIX_ELEVATED,58,-0.92,1,0.0,INSUFFICIENT,,,,44.83,
OVERBOUGHT|HIGH_VOLATILITY|NORMAL|SPY_INSUFFICIENT_HISTORY|VIX_UNAVAILABLE,57,2.43,1,0.0,INSUFFICIENT,,,56.14,,
OVERSOLD|HIGH_VOLATILITY|NORMAL|SIDEWAYS|VIX_ELEVATED,56,3.78,1,0.0,INSUFFICIENT,,,67.86,,
PANIC|BEAR|NORMAL|HIGH_VOL|VIX_EXTREME,55,-2.2,1,0.0,INSUFFICIENT,58.18,,,,
PANIC|BULL|VOLATILE|BULL|VIX_EXTREME,55,2.52,1,0.0,INSUFFICIENT,,58.18,,,
PANIC|BEAR|NORMAL|SIDEWAYS|VIX_EXTREME,54,1.99,1,0.0,INSUFFICIENT,62.96,,,,
MOMENTUM|INSUFFICIENT_HISTORY|NORMAL|SPY_INSUFFICIENT_HISTORY|VIX_EXTREME,53,-0.5,1,0.0,INSUFFICIENT,,,,56.6,
PANIC|BEAR|NORMAL|SPY_INSUFFICIENT_HISTORY|VIX_UNAVAILABLE,53,1.87,1,0.0,INSUFFICIENT,58.49,,,,
PANIC|BULL|NORMAL|SIDEWAYS|VIX_EXTREME,53,3.75,1,0.0,INSUFFICIENT,,77.36,,,
MOMENTUM|HIGH_VOLATILITY|NORMAL|SIDEWAYS|VIX_EXTREME,52,1.66,1,0.0,INSUFFICIENT,,,57.69,,
MOMENTUM|INSUFFICIENT_HISTORY|VOLATILE|SIDEWAYS|VIX_ELEVATED,52,-0.16,1,0.0,INSUFFICIENT,,,,46.15,
MOMENTUM|BEAR|NORMAL|SIDEWAYS|VIX_LOW,50,0.3,1,0.0,INSUFFICIENT,46.0,,,,
MOMENTUM|BULL|VOLATILE|HIGH_VOL|VIX_HIGH,50,2.51,1,0.0,INSUFFICIENT,,72.0,,,
OVERBOUGHT|HIGH_VOLATILITY|NORMAL|SIDEWAYS|VIX_HIGH,49,6.25,1,0.0,INSUFFICIENT,,,59.18,,
PANIC|BEAR|VOLATILE|HIGH_VOL|VIX_HIGH,49,3.05,1,0.0,INSUFFICIENT,71.43,,,,
MOMENTUM|INSUFFICIENT_HISTORY|NORMAL|BULL|VIX_LOW,48,3.29,1,0.0,INSUFFICIENT,,,,50.0,
NONE|BULL|NORMAL|BULL|VIX_EXTREME,48,3.04,1,0.0,INSUFFICIENT,,66.67,,,
OVERSOLD|BEAR|NORMAL|BEAR|VIX_EXTREME,48,1.66,1,0.0,INSUFFICIENT,64.58,,,,
PANIC|BULL|VOLATILE|HIGH_VOL|VIX_EXTREME,48,-0.04,1,0.0,INSUFFICIENT,,64.58,,,
PANIC|INSUFFICIENT_HISTORY|NORMAL|BULL|VIX_ELEVATED,48,-0.58,1,0.0,INSUFFICIENT,,,,39.58,
MOMENTUM|HIGH_VOLATILITY|NORMAL|HIGH_VOL|VIX_HIGH,47,2.58,1,0.0,INSUFFICIENT,,,70.21,,
OVERSOLD|INSUFFICIENT_HISTORY|NORMAL|SPY_INSUFFICIENT_HISTORY|VIX_EXTREME,47,0.66,1,0.0,INSUFFICIENT,,,,48.94,
OVERSOLD|SIDEWAYS|NORMAL|BEAR|VIX_HIGH,47,-0.59,1,0.0,INSUFFICIENT,,,,,48.94
NONE|INSUFFICIENT_HISTORY|NORMAL|SIDEWAYS|VIX_HIGH,46,4.71,1,0.0,INSUFFICIENT,,,,67.39,
OVERSOLD|BEAR|NORMAL|SPY_INSUFFICIENT_HISTORY|VIX_UNAVAILABLE,46,-1.03,1,0.0,INSUFFICIENT,43.48,,,,
PANIC|HIGH_VOLATILITY|VOLATILE|BULL|VIX_EXTREME,46,-1.8,1,0.0,INSUFFICIENT,,,32.61,,
PANIC|INSUFFICIENT_HISTORY|VOLATILE|SPY_INSUFFICIENT_HISTORY|VIX_UNAVAILABLE,46,3.33,1,0.0,INSUFFICIENT,,,,50.0,
OVERSOLD|BEAR|NORMAL|SIDEWAYS|VIX_EXTREME,45,0.83,1,0.0,INSUFFICIENT,66.67,,,,
OVERSOLD|BULL|NORMAL|BULL|VIX_LOW,44,1.23,1,0.0,INSUFFICIENT,,50.0,,,
MOMENTUM|SIDEWAYS|VOLATILE|BEAR|VIX_ELEVATED,42,0.64,1,0.0,INSUFFICIENT,,,,,59.52
NONE|BULL|NORMAL|BEAR|VIX_ELEVATED,42,-0.88,1,0.0,INSUFFICIENT,,38.1,,,
PANIC|SIDEWAYS|VOLATILE|BULL|VIX_EXTREME,42,1.36,1,0.0,INSUFFICIENT,,,,,54.76
OVERBOUGHT|SIDEWAYS|NORMAL|SPY_INSUFFICIENT_HISTORY|VIX_UNAVAILABLE,41,5.23,1,0.0,INSUFFICIENT,,,,,75.61
OVERSOLD|SIDEWAYS|NORMAL|BEAR|VIX_EXTREME,41,-0.16,1,0.0,INSUFFICIENT,,,,,63.41
NONE|SIDEWAYS|NORMAL|BULL|VIX_EXTREME,39,0.01,1,0.0,INSUFFICIENT,,,,,41.03
OVERSOLD|BEAR|NORMAL|HIGH_VOL|VIX_EXTREME,39,-2.7,1,0.0,INSUFFICIENT,56.41,,,,
OVERSOLD|HIGH_VOLATILITY|NORMAL|HIGH_VOL|VIX_EXTREME,39,13.24,1,0.0,INSUFFICIENT,,,87.18,,
PANIC|INSUFFICIENT_HISTORY|VOLATILE|SIDEWAYS|VIX_HIGH,39,2.72,1,0.0,INSUFFICIENT,,,,56.41,
MOMENTUM|SIDEWAYS|NORMAL|HIGH_VOL|VIX_EXTREME,38,-1.14,1,0.0,INSUFFICIENT,,,,,63.16
OVERSOLD|HIGH_VOLATILITY|NORMAL|SIDEWAYS|VIX_HIGH,38,1.94,1,0.0,INSUFFICIENT,,,55.26,,
OVERSOLD|SIDEWAYS|NORMAL|SPY_INSUFFICIENT_HISTORY|VIX_UNAVAILABLE,37,0.59,1,0.0,INSUFFICIENT,,,,,45.95
PANIC|HIGH_VOLATILITY|NORMAL|SIDEWAYS|VIX_LOW,37,2.88,1,0.0,INSUFFICIENT,,,59.46,,
PANIC|SIDEWAYS|NORMAL|HIGH_VOL|VIX_EXTREME,37,-4.92,1,0.0,INSUFFICIENT,,,,,51.35
MOMENTUM|SIDEWAYS|NORMAL|HIGH_VOL|VIX_HIGH,36,-0.01,1,0.0,INSUFFICIENT,,,,,44.44
MOMENTUM|HIGH_VOLATILITY|VOLATILE|BEAR|VIX_ELEVATED,35,3.16,1,0.0,INSUFFICIENT,,,65.71,,
MOMENTUM|INSUFFICIENT_HISTORY|NORMAL|BULL|VIX_ELEVATED,35,-2.09,1,0.0,INSUFFICIENT,,,,28.57,
PANIC|BEAR|NORMAL|HIGH_VOL|VIX_HIGH,35,1.03,1,0.0,INSUFFICIENT,60.0,,,,
OVERBOUGHT|SIDEWAYS|NORMAL|SIDEWAYS|VIX_EXTREME,34,4.99,1,0.0,INSUFFICIENT,,,,,64.71
PANIC|HIGH_VOLATILITY|NORMAL|BEAR|VIX_EXTREME,34,-0.86,1,0.0,INSUFFICIENT,,,52.94,,
MOMENTUM|BEAR|NORMAL|HIGH_VOL|VIX_EXTREME,33,-0.28,1,0.0,INSUFFICIENT,51.52,,,,
MOMENTUM|BEAR|NORMAL|HIGH_VOL|VIX_HIGH,30,0.21,1,0.0,INSUFFICIENT,53.33,,,,
OVERBOUGHT|HIGH_VOLATILITY|NORMAL|HIGH_VOL|VIX_EXTREME,30,1.26,1,0.0,INSUFFICIENT,,,66.67,,
OVERSOLD|HIGH_VOLATILITY|NORMAL|BEAR|VIX_EXTREME,30,-2.18,1,0.0,INSUFFICIENT,,,36.67,,
OVERSOLD|INSUFFICIENT_HISTORY|NORMAL|SPY_INSUFFICIENT_HISTORY|VIX_ELEVATED,30,-4.17,1,0.0,INSUFFICIENT,,,,13.33,
NONE|HIGH_VOLATILITY|NORMAL|BEAR|VIX_ELEVATED,29,-1.11,1,0.0,INSUFFICIENT,,,48.28,,
OVERBOUGHT|BEAR|NORMAL|BULL|VIX_LOW,29,2.86,1,0.0,INSUFFICIENT,44.83,,,,
OVERBOUGHT|BULL|NORMAL|SIDEWAYS|VIX_EXTREME,29,1.3,1,0.0,INSUFFICIENT,,62.07,,,
MOMENTUM|BULL|NORMAL|BEAR|VIX_EXTREME,28,-0.24,1,0.0,INSUFFICIENT,,57.14,,,
MOMENTUM|BULL|NORMAL|HIGH_VOL|VIX_EXTREME,28,1.15,1,0.0,INSUFFICIENT,,60.71,,,
PANIC|SIDEWAYS|NORMAL|HIGH_VOL|VIX_HIGH,28,-0.65,1,0.0,INSUFFICIENT,,,,,46.43
MOMENTUM|BULL|VOLATILE|BULL|VIX_EXTREME,27,5.72,1,0.0,INSUFFICIENT,,77.78,,,
OVERSOLD|BULL|NORMAL|BULL|VIX_ELEVATED,27,-0.96,1,0.0,INSUFFICIENT,,40.74,,,
PANIC|BULL|NORMAL|BEAR|VIX_EXTREME,27,-1.29,1,0.0,INSUFFICIENT,,48.15,,,
PANIC|HIGH_VOLATILITY|NORMAL|HIGH_VOL|VIX_HIGH,27,2.38,1,0.0,INSUFFICIENT,,,62.96,,
MOMENTUM|HIGH_VOLATILITY|NORMAL|SIDEWAYS|VIX_LOW,26,-0.34,1,0.0,INSUFFICIENT,,,50.0,,
MOMENTUM|INSUFFICIENT_HISTORY|VOLATILE|SIDEWAYS|VIX_HIGH,26,4.45,1,0.0,INSUFFICIENT,,,,53.85,
PANIC|HIGH_VOLATILITY|VOLATILE|BEAR|VIX_ELEVATED,26,-3.41,1,0.0,INSUFFICIENT,,,34.62,,
PANIC|INSUFFICIENT_HISTORY|VOLATILE|BULL|VIX_HIGH,26,3.45,1,0.0,INSUFFICIENT,,,,53.85,
MOMENTUM|BEAR|VOLATILE|BEAR|VIX_ELEVATED,24,1.74,1,0.0,INSUFFICIENT,75.0,,,,
OVERBOUGHT|HIGH_VOLATILITY|NORMAL|SIDEWAYS|VIX_LOW,24,-0.78,1,0.0,INSUFFICIENT,,,45.83,,
MOMENTUM|BULL|NORMAL|HIGH_VOL|VIX_HIGH,23,1.73,1,0.0,INSUFFICIENT,,60.87,,,
MOMENTUM|HIGH_VOLATILITY|VOLATILE|BULL|VIX_EXTREME,23,-2.44,1,0.0,INSUFFICIENT,,,39.13,,
MOMENTUM|HIGH_VOLATILITY|NORMAL|BEAR|VIX_EXTREME,21,-3.92,1,0.0,INSUFFICIENT,,,47.62,,
OVERSOLD|HIGH_VOLATILITY|NORMAL|BEAR|VIX_HIGH,21,1.33,1,0.0,INSUFFICIENT,,,33.33,,
OVERSOLD|HIGH_VOLATILITY|NORMAL|SPY_INSUFFICIENT_HISTORY|VIX_UNAVAILABLE,21,12.42,1,0.0,INSUFFICIENT,,,61.9,,
NONE|INSUFFICIENT_HISTORY|NORMAL|SIDEWAYS|VIX_LOW,20,-1.37,1,0.0,INSUFFICIENT,,,,35.0,
OVERSOLD|INSUFFICIENT_HISTORY|NORMAL|BULL|VIX_ELEVATED,20,-0.66,1,0.0,INSUFFICIENT,,,,50.0,
PANIC|BULL|NORMAL|HIGH_VOL|VIX_EXTREME,20,-1.15,1,0.0,INSUFFICIENT,,50.0,,,
PANIC|INSUFFICIENT_HISTORY|NORMAL|SIDEWAYS|VIX_ELEVATED,20,-3.37,1,0.0,INSUFFICIENT,,,,25.0,
MOMENTUM|INSUFFICIENT_HISTORY|VOLATILE|BULL|VIX_HIGH,19,3.43,1,0.0,INSUFFICIENT,,,,63.16,
MOMENTUM|SIDEWAYS|VOLATILE|BULL|VIX_EXTREME,19,4.12,1,0.0,INSUFFICIENT,,,,,78.95
OVERBOUGHT|BULL|NORMAL|HIGH_VOL|VIX_HIGH,19,1.07,1,0.0,INSUFFICIENT,,73.68,,,
OVERBOUGHT|INSUFFICIENT_HISTORY|NORMAL|BULL|VIX_LOW,19,-2.35,1,0.0,INSUFFICIENT,,,,15.79,
PANIC|INSUFFICIENT_HISTORY|NORMAL|SPY_INSUFFICIENT_HISTORY|VIX_UNAVAILABLE,19,0.31,1,0.0,INSUFFICIENT,,,,42.11,
MOMENTUM|BEAR|NORMAL|BEAR|VIX_ELEVATED,18,1.22,1,0.0,INSUFFICIENT,66.67,,,,
MOMENTUM|INSUFFICIENT_HISTORY|NORMAL|SPY_INSUFFICIENT_HISTORY|VIX_UNAVAILABLE,18,-0.12,1,0.0,INSUFFICIENT,,,,55.56,
OVERSOLD|HIGH_VOLATILITY|NORMAL|BULL|VIX_HIGH,17,3.48,1,0.0,INSUFFICIENT,,,58.82,,
PANIC|BULL|VOLATILE|HIGH_VOL|VIX_HIGH,17,1.6,1,0.0,INSUFFICIENT,,70.59,,,
PANIC|SIDEWAYS|NORMAL|BULL|VIX_EXTREME,17,0.22,1,0.0,INSUFFICIENT,,,,,52.94
MOMENTUM|BEAR|NORMAL|SIDEWAYS|VIX_EXTREME,16,2.29,1,0.0,INSUFFICIENT,68.75,,,,
MOMENTUM|BULL|VOLATILE|BEAR|VIX_ELEVATED,15,2.45,1,0.0,INSUFFICIENT,,73.33,,,
NONE|BEAR|NORMAL|BULL|VIX_EXTREME,15,2.78,1,0.0,INSUFFICIENT,80.0,,,,
OVERBOUGHT|SIDEWAYS|NORMAL|HIGH_VOL|VIX_HIGH,15,9.62,1,0.0,INSUFFICIENT,,,,,93.33
OVERBOUGHT|BEAR|NORMAL|SIDEWAYS|VIX_ELEVATED,14,-0.86,1,0.0,INSUFFICIENT,57.14,,,,
OVERSOLD|SIDEWAYS|NORMAL|HIGH_VOL|VIX_EXTREME,14,-10.97,1,0.0,INSUFFICIENT,,,,,28.57
PANIC|INSUFFICIENT_HISTORY|NORMAL|SIDEWAYS|VIX_HIGH,14,0.41,1,0.0,INSUFFICIENT,,,,50.0,
MOMENTUM|INSUFFICIENT_HISTORY|NORMAL|BULL|VIX_HIGH,13,-0.9,1,0.0,INSUFFICIENT,,,,53.85,
MOMENTUM|INSUFFICIENT_HISTORY|NORMAL|SIDEWAYS|VIX_ELEVATED,13,2.46,1,0.0,INSUFFICIENT,,,,53.85,
MOMENTUM|SIDEWAYS|NORMAL|BEAR|VIX_ELEVATED,13,2.42,1,0.0,INSUFFICIENT,,,,,69.23
NONE|HIGH_VOLATILITY|NORMAL|BULL|VIX_EXTREME,13,-0.49,1,0.0,INSUFFICIENT,,,61.54,,
PANIC|BEAR|VOLATILE|BULL|VIX_EXTREME,13,0.49,1,0.0,INSUFFICIENT,61.54,,,,
PANIC|BULL|NORMAL|BULL|VIX_EXTREME,13,4.79,1,0.0,INSUFFICIENT,,69.23,,,
OVERBOUGHT|SIDEWAYS|NORMAL|BEAR|VIX_ELEVATED,12,1.9,1,0.0,INSUFFICIENT,,,,,83.33
OVERSOLD|BEAR|NORMAL|HIGH_VOL|VIX_HIGH,12,2.56,1,0.0,INSUFFICIENT,75.0,,,,
OVERSOLD|INSUFFICIENT_HISTORY|NORMAL|SIDEWAYS|VIX_ELEVATED,12,0.83,1,0.0,INSUFFICIENT,,,,50.0,
PANIC|BEAR|NORMAL|BEAR|VIX_ELEVATED,12,-0.68,1,0.0,INSUFFICIENT,25.0,,,,
PANIC|BEAR|VOLATILE|BEAR|VIX_ELEVATED,12,-1.98,1,0.0,INSUFFICIENT,33.33,,,,
PANIC|INSUFFICIENT_HISTORY|NORMAL|BULL|VIX_HIGH,12,1.97,1,0.0,INSUFFICIENT,,,,50.0,
OVERBOUGHT|INSUFFICIENT_HISTORY|NORMAL|BULL|VIX_ELEVATED,11,0.54,1,0.0,INSUFFICIENT,,,,72.73,
PANIC|SIDEWAYS|VOLATILE|BEAR|VIX_ELEVATED,11,-1.39,1,0.0,INSUFFICIENT,,,,,45.45
MOMENTUM|BULL|NORMAL|BEAR|VIX_ELEVATED,10,1.93,1,0.0,INSUFFICIENT,,60.0,,,
NONE|INSUFFICIENT_HISTORY|NORMAL|BEAR|VIX_HIGH,10,0.29,1,0.0,INSUFFICIENT,,,,50.0,
OVERBOUGHT|HIGH_VOLATILITY|NORMAL|HIGH_VOL|VIX_HIGH,10,11.5,1,0.0,INSUFFICIENT,,,90.0,,
OVERSOLD|INSUFFICIENT_HISTORY|NORMAL|SIDEWAYS|VIX_HIGH,10,-2.21,1,0.0,INSUFFICIENT,,,,60.0,
PANIC|HIGH_VOLATILITY|NORMAL|BULL|VIX_EXTREME,10,0.85,1,0.0,INSUFFICIENT,,,50.0,,
OVERBOUGHT|BULL|NORMAL|HIGH_VOL|VIX_EXTREME,9,-0.09,1,0.0,INSUFFICIENT,,44.44,,,
OVERSOLD|BULL|NORMAL|SIDEWAYS|VIX_ELEVATED,9,2.58,1,0.0,INSUFFICIENT,,77.78,,,
OVERSOLD|HIGH_VOLATILITY|NORMAL|HIGH_VOL|VIX_HIGH,9,0.27,1,0.0,INSUFFICIENT,,,55.56,,
OVERSOLD|HIGH_VOLATILITY|NORMAL|SIDEWAYS|VIX_LOW,9,0.23,1,0.0,INSUFFICIENT,,,44.44,,
OVERSOLD|INSUFFICIENT_HISTORY|NORMAL|BULL|VIX_HIGH,9,-0.32,1,0.0,INSUFFICIENT,,,,55.56,
PANIC|BULL|NORMAL|HIGH_VOL|VIX_HIGH,9,0.27,1,0.0,INSUFFICIENT,,44.44,,,
PANIC|SIDEWAYS|NORMAL|BEAR|VIX_ELEVATED,9,-0.27,1,0.0,INSUFFICIENT,,,,,55.56
MOMENTUM|BULL|NORMAL|BULL|VIX_EXTREME,8,9.77,1,0.0,INSUFFICIENT,,75.0,,,
MOMENTUM|INSUFFICIENT_HISTORY|VOLATILE|SIDEWAYS|VIX_LOW,8,3.63,1,0.0,INSUFFICIENT,,,,50.0,
MOMENTUM|SIDEWAYS|NORMAL|BULL|VIX_EXTREME,8,9.31,1,0.0,INSUFFICIENT,,,,,87.5
OVERBOUGHT|BEAR|NORMAL|SIDEWAYS|VIX_HIGH,8,3.54,1,0.0,INSUFFICIENT,87.5,,,,
OVERBOUGHT|BULL|NORMAL|BEAR|VIX_ELEVATED,8,-2.76,1,0.0,INSUFFICIENT,,25.0,,,
OVERBOUGHT|INSUFFICIENT_HISTORY|NORMAL|BULL|VIX_HIGH,8,0.31,1,0.0,INSUFFICIENT,,,,62.5,
OVERSOLD|BULL|NORMAL|SIDEWAYS|VIX_HIGH,8,0.41,1,0.0,INSUFFICIENT,,87.5,,,
MOMENTUM|HIGH_VOLATILITY|NORMAL|BEAR|VIX_ELEVATED,7,1.28,1,0.0,INSUFFICIENT,,,71.43,,
MOMENTUM|INSUFFICIENT_HISTORY|NORMAL|SIDEWAYS|VIX_HIGH,7,3.32,1,0.0,INSUFFICIENT,,,,71.43,
OVERBOUGHT|BEAR|NORMAL|BEAR|VIX_ELEVATED,7,4.57,1,0.0,INSUFFICIENT,100.0,,,,
OVERSOLD|BEAR|NORMAL|BEAR|VIX_ELEVATED,7,1.83,1,0.0,INSUFFICIENT,57.14,,,,
OVERSOLD|HIGH_VOLATILITY|NORMAL|SIDEWAYS|VIX_EXTREME,7,12.43,1,0.0,INSUFFICIENT,,,85.71,,
OVERSOLD|INSUFFICIENT_HISTORY|NORMAL|SPY_INSUFFICIENT_HISTORY|VIX_UNAVAILABLE,7,2.71,1,0.0,INSUFFICIENT,,,,71.43,
MOMENTUM|SIDEWAYS|VOLATILE|SPY_INSUFFICIENT_HISTORY|VIX_ELEVATED,6,-2.42,1,0.0,INSUFFICIENT,,,,,33.33
NONE|INSUFFICIENT_HISTORY|NORMAL|BEAR|VIX_ELEVATED,6,-5.05,1,0.0,INSUFFICIENT,,,,0.0,
NONE|SIDEWAYS|NORMAL|SPY_INSUFFICIENT_HISTORY|VIX_ELEVATED,6,-5.91,1,0.0,INSUFFICIENT,,,,,16.67
OVERBOUGHT|INSUFFICIENT_HISTORY|NORMAL|SIDEWAYS|VIX_ELEVATED,6,-0.9,1,0.0,INSUFFICIENT,,,,33.33,
OVERSOLD|BEAR|NORMAL|BULL|VIX_EXTREME,6,-1.81,1,0.0,INSUFFICIENT,33.33,,,,
OVERSOLD|SIDEWAYS|NORMAL|HIGH_VOL|VIX_HIGH,6,5.7,1,0.0,INSUFFICIENT,,,,,83.33
PANIC|INSUFFICIENT_HISTORY|VOLATILE|SIDEWAYS|VIX_LOW,6,3.57,1,0.0,INSUFFICIENT,,,,66.67,
MOMENTUM|HIGH_VOLATILITY|NORMAL|BULL|VIX_EXTREME,5,12.81,1,0.0,INSUFFICIENT,,,60.0,,
OVERBOUGHT|BEAR|NORMAL|HIGH_VOL|VIX_HIGH,5,2.39,1,0.0,INSUFFICIENT,100.0,,,,
OVERBOUGHT|BULL|NORMAL|BEAR|VIX_EXTREME,5,-5.68,1,0.0,INSUFFICIENT,,0.0,,,
OVERBOUGHT|HIGH_VOLATILITY|NORMAL|BEAR|VIX_HIGH,5,1.22,1,0.0,INSUFFICIENT,,,40.0,,
MOMENTUM|BEAR|VOLATILE|BULL|VIX_EXTREME,4,-1.3,1,0.0,INSUFFICIENT,25.0,,,,
MOMENTUM|INSUFFICIENT_HISTORY|VOLATILE|BEAR|VIX_HIGH,4,-0.98,1,0.0,INSUFFICIENT,,,,50.0,
NONE|BEAR|NORMAL|SPY_INSUFFICIENT_HISTORY|VIX_ELEVATED,4,-7.24,1,0.0,INSUFFICIENT,25.0,,,,
NONE|INSUFFICIENT_HISTORY|NORMAL|SIDEWAYS|VIX_EXTREME,4,0.87,1,0.0,INSUFFICIENT,,,,75.0,
OVERBOUGHT|BEAR|NORMAL|BEAR|VIX_HIGH,4,-1.73,1,0.0,INSUFFICIENT,25.0,,,,
OVERBOUGHT|HIGH_VOLATILITY|NORMAL|SIDEWAYS|VIX_EXTREME,4,4.44,1,0.0,INSUFFICIENT,,,50.0,,
OVERBOUGHT|INSUFFICIENT_HISTORY|NORMAL|SPY_INSUFFICIENT_HISTORY|VIX_EXTREME,4,0.4,1,0.0,INSUFFICIENT,,,,50.0,
OVERSOLD|BULL|NORMAL|BEAR|VIX_HIGH,4,-3.12,1,0.0,INSUFFICIENT,,0.0,,,
OVERSOLD|BULL|NORMAL|BULL|VIX_HIGH,4,6.13,1,0.0,INSUFFICIENT,,100.0,,,
OVERSOLD|BULL|NORMAL|SPY_INSUFFICIENT_HISTORY|VIX_UNAVAILABLE,4,5.34,1,0.0,INSUFFICIENT,,100.0,,,
OVERSOLD|SIDEWAYS|NORMAL|BULL|VIX_EXTREME,4,3.27,1,0.0,INSUFFICIENT,,,,,100.0
MOMENTUM|BULL|VOLATILE|SPY_INSUFFICIENT_HISTORY|VIX_ELEVATED,3,-2.28,1,0.0,INSUFFICIENT,,33.33,,,
MOMENTUM|INSUFFICIENT_HISTORY|NORMAL|SIDEWAYS|VIX_LOW,3,-1.91,1,0.0,INSUFFICIENT,,,,33.33,
MOMENTUM|INSUFFICIENT_HISTORY|VOLATILE|SIDEWAYS|VIX_EXTREME,3,2.72,1,0.0,INSUFFICIENT,,,,33.33,
MOMENTUM|SIDEWAYS|NORMAL|SPY_INSUFFICIENT_HISTORY|VIX_ELEVATED,3,-1.94,1,0.0,INSUFFICIENT,,,,,33.33
NONE|INSUFFICIENT_HISTORY|NORMAL|BEAR|VIX_EXTREME,3,0.34,1,0.0,INSUFFICIENT,,,,100.0,
OVERBOUGHT|BEAR|NORMAL|BULL|VIX_ELEVATED,3,5.22,1,0.0,INSUFFICIENT,66.67,,,,
OVERBOUGHT|BULL|NORMAL|BULL|VIX_EXTREME,3,2.57,1,0.0,INSUFFICIENT,,66.67,,,
OVERBOUGHT|HIGH_VOLATILITY|NORMAL|BEAR|VIX_EXTREME,3,-2.61,1,0.0,INSUFFICIENT,,,66.67,,
OVERBOUGHT|INSUFFICIENT_HISTORY|NORMAL|SPY_INSUFFICIENT_HISTORY|VIX_UNAVAILABLE,3,-6.41,1,0.0,INSUFFICIENT,,,,33.33,
OVERBOUGHT|SIDEWAYS|NORMAL|BEAR|VIX_EXTREME,3,-4.96,1,0.0,INSUFFICIENT,,,,,33.33
OVERBOUGHT|SIDEWAYS|NORMAL|HIGH_VOL|VIX_EXTREME,3,0.82,1,0.0,INSUFFICIENT,,,,,33.33
OVERSOLD|BULL|NORMAL|BEAR|VIX_EXTREME,3,3.24,1,0.0,INSUFFICIENT,,66.67,,,
PANIC|BEAR|NORMAL|BULL|VIX_EXTREME,3,-0.62,1,0.0,INSUFFICIENT,33.33,,,,
PANIC|BULL|NORMAL|BEAR|VIX_ELEVATED,3,-0.93,1,0.0,INSUFFICIENT,,66.67,,,
PANIC|BULL|VOLATILE|BEAR|VIX_ELEVATED,3,-2.23,1,0.0,INSUFFICIENT,,33.33,,,
PANIC|HIGH_VOLATILITY|NORMAL|BEAR|VIX_ELEVATED,3,1.37,1,0.0,INSUFFICIENT,,,33.33,,
PANIC|INSUFFICIENT_HISTORY|NORMAL|SIDEWAYS|VIX_LOW,3,0.61,1,0.0,INSUFFICIENT,,,,66.67,
NONE|INSUFFICIENT_HISTORY|NORMAL|BULL|VIX_EXTREME,2,1.25,1,0.0,INSUFFICIENT,,,,100.0,
OVERBOUGHT|BEAR|NORMAL|BULL|VIX_HIGH,2,5.06,1,0.0,INSUFFICIENT,100.0,,,,
OVERBOUGHT|BEAR|NORMAL|SPY_INSUFFICIENT_HISTORY|VIX_UNAVAILABLE,2,-6.68,1,0.0,INSUFFICIENT,0.0,,,,
OVERBOUGHT|SIDEWAYS|NORMAL|BULL|VIX_EXTREME,2,6.94,1,0.0,INSUFFICIENT,,,,,50.0
OVERSOLD|BULL|NORMAL|SIDEWAYS|VIX_LOW,2,10.45,1,0.0,INSUFFICIENT,,100.0,,,
OVERSOLD|HIGH_VOLATILITY|NORMAL|BULL|VIX_EXTREME,2,10.82,1,0.0,INSUFFICIENT,,,100.0,,
OVERSOLD|SIDEWAYS|NORMAL|BEAR|VIX_ELEVATED,2,-4.12,1,0.0,INSUFFICIENT,,,,,0.0
PANIC|INSUFFICIENT_HISTORY|VOLATILE|BEAR|VIX_HIGH,2,1.63,1,0.0,INSUFFICIENT,,,,50.0,
PANIC|INSUFFICIENT_HISTORY|VOLATILE|SIDEWAYS|VIX_EXTREME,2,17.45,1,0.0,INSUFFICIENT,,,,100.0,
MOMENTUM|BEAR|NORMAL|BULL|VIX_EXTREME,1,8.22,1,0.0,INSUFFICIENT,100.0,,,,
MOMENTUM|BEAR|NORMAL|SPY_INSUFFICIENT_HISTORY|VIX_ELEVATED,1,-1.97,1,0.0,INSUFFICIENT,0.0,,,,
MOMENTUM|INSUFFICIENT_HISTORY|NORMAL|BULL|VIX_EXTREME,1,2.59,1,0.0,INSUFFICIENT,,,,100.0,
NONE|HIGH_VOLATILITY|NORMAL|SPY_INSUFFICIENT_HISTORY|VIX_ELEVATED,1,14.04,1,0.0,INSUFFICIENT,,,100.0,,
OVERBOUGHT|BEAR|NORMAL|HIGH_VOL|VIX_EXTREME,1,-0.7,1,0.0,INSUFFICIENT,0.0,,,,
OVERBOUGHT|BEAR|NORMAL|SIDEWAYS|VIX_LOW,1,-0.63,1,0.0,INSUFFICIENT,0.0,,,,
OVERBOUGHT|HIGH_VOLATILITY|NORMAL|BEAR|VIX_ELEVATED,1,2.08,1,0.0,INSUFFICIENT,,,100.0,,
OVERSOLD|BEAR|NORMAL|SPY_INSUFFICIENT_HISTORY|VIX_ELEVATED,1,-16.19,1,0.0,INSUFFICIENT,0.0,,,,
OVERSOLD|BULL|NORMAL|SIDEWAYS|VIX_EXTREME,1,2.5,1,0.0,INSUFFICIENT,,100.0,,,
OVERSOLD|INSUFFICIENT_HISTORY|NORMAL|BEAR|VIX_HIGH,1,3.6,1,0.0,INSUFFICIENT,,,,100.0,
PANIC|HIGH_VOLATILITY|NORMAL|SPY_INSUFFICIENT_HISTORY|VIX_ELEVATED,1,-7.33,1,0.0,INSUFFICIENT,,,0.0,,
PANIC|INSUFFICIENT_HISTORY|NORMAL|BEAR|VIX_HIGH,1,3.2,1,0.0,INSUFFICIENT,,,,100.0,
PANIC|INSUFFICIENT_HISTORY|NORMAL|BULL|VIX_EXTREME,1,1.26,1,0.0,INSUFFICIENT,,,,100.0,
