Pattern,Trades,AvgReturn5D,AvgReturn10D,WinRate5D,WinRate10D,EstimatedStd,PValue,ValidationStatus,QualityTrades,UniqueTickers,TopTicker,TopTickerPct,ConfidenceScore,TrustLevel,TrustRank
OVERBOUGHT|BULL|NORMAL|BULL|VIX_ELEVATED,1954.0,0.373,1.14,55.48,60.54,5.0,0.0,VALIDATED,1954.0,53.0,QQQ,5.83,96.05,INSTITUTIONAL,5
MOMENTUM|SIDEWAYS|VOLATILE|SIDEWAYS|VIX_HIGH,1303.0,0.35,1.423,54.18,59.94,5.0,0.0,VALIDATED,1303.0,56.0,NMDC,4.53,95.99,INSTITUTIONAL,5
MOMENTUM|SIDEWAYS|VOLATILE|SIDEWAYS|VIX_ELEVATED,1484.0,0.801,1.102,56.74,58.49,5.0,0.0,VALIDATED,1484.0,55.0,AMZN,3.64,95.85,INSTITUTIONAL,5
MOMENTUM|BULL|VOLATILE|BULL|VIX_HIGH,1078.0,1.115,2.085,58.35,57.33,5.0,0.0,VALIDATED,1078.0,52.0,NVDA,3.9,95.73,INSTITUTIONAL,5
MOMENTUM|BULL|VOLATILE|SIDEWAYS|VIX_ELEVATED,1166.0,0.664,1.092,56.43,56.86,5.0,0.0,VALIDATED,1166.0,50.0,V,3.69,95.69,INSTITUTIONAL,5
PANIC|SIDEWAYS|VOLATILE|SIDEWAYS|VIX_HIGH,1938.0,0.491,0.804,57.59,56.81,5.0,0.0,VALIDATED,1938.0,55.0,QQQ,4.39,95.68,INSTITUTIONAL,5
PANIC|SIDEWAYS|VOLATILE|SIDEWAYS|VIX_ELEVATED,1632.0,0.711,0.935,55.82,56.68,5.0,0.0,VALIDATED,1632.0,54.0,AMD,3.55,95.67,INSTITUTIONAL,5
OVERBOUGHT|BULL|NORMAL|BULL|VIX_LOW,4174.0,0.206,0.486,53.64,56.01,5.0,0.0,VALIDATED,4174.0,54.0,QQQ,7.28,95.6,INSTITUTIONAL,5
PANIC|BULL|NORMAL|BULL|VIX_LOW,1596.0,0.605,0.888,56.45,55.89,5.0,0.0,VALIDATED,1596.0,53.0,BAC,3.76,95.59,INSTITUTIONAL,5
MOMENTUM|BULL|VOLATILE|BULL|VIX_ELEVATED,2968.0,0.425,0.965,52.29,54.99,5.0,0.0,VALIDATED,2968.0,53.0,NVDA,4.38,95.5,INSTITUTIONAL,5
MOMENTUM|BULL|NORMAL|BULL|VIX_ELEVATED,1770.0,0.079,0.56,52.15,54.92,5.0,2e-06,VALIDATED,1770.0,53.0,QQQ,4.41,95.49,INSTITUTIONAL,5
MOMENTUM|BULL|NORMAL|BULL|VIX_LOW,2697.0,0.314,0.559,52.5,54.06,5.0,0.0,VALIDATED,2697.0,54.0,QQQ,4.12,95.41,INSTITUTIONAL,5
MOMENTUM|BULL|VOLATILE|BULL|VIX_LOW,4026.0,0.586,1.071,53.1,53.9,5.0,0.0,VALIDATED,4026.0,55.0,NVDA,4.77,95.39,INSTITUTIONAL,5
MOMENTUM|SIDEWAYS|VOLATILE|BULL|VIX_LOW,2339.0,0.333,0.586,51.56,53.66,5.0,0.0,VALIDATED,2339.0,54.0,SBIN,4.66,95.37,INSTITUTIONAL,5
MOMENTUM|SIDEWAYS|NORMAL|BULL|VIX_LOW,1447.0,0.195,0.509,52.32,53.56,5.0,0.000108,VALIDATED,1447.0,52.0,USO,4.91,95.35,INSTITUTIONAL,5
PANIC|BULL|VOLATILE|BULL|VIX_ELEVATED,1478.0,0.111,0.772,49.19,53.25,5.0,0.0,VALIDATED,1478.0,54.0,NVDA,4.53,95.33,INSTITUTIONAL,5
MOMENTUM|HIGH_VOLATILITY|VOLATILE|SIDEWAYS|VIX_HIGH,1236.0,0.049,1.337,50.16,53.24,5.0,0.0,VALIDATED,1236.0,48.0,^VIX,15.7,95.32,INSTITUTIONAL,5
PANIC|BULL|VOLATILE|BULL|VIX_LOW,1768.0,0.308,0.958,53.17,53.05,5.0,0.0,VALIDATED,1768.0,54.0,NVDA,4.98,95.31,INSTITUTIONAL,5
PANIC|HIGH_VOLATILITY|VOLATILE|BULL|VIX_LOW,2005.0,2.065,3.227,54.31,52.52,6.454,0.0,VALIDATED,2005.0,34.0,^VIX,27.48,95.25,INSTITUTIONAL,5
PANIC|HIGH_VOLATILITY|VOLATILE|SIDEWAYS|VIX_ELEVATED,1023.0,0.584,1.255,51.03,52.3,5.0,0.0,VALIDATED,1023.0,39.0,^VIX,23.46,95.23,INSTITUTIONAL,5
PANIC|SIDEWAYS|VOLATILE|BULL|VIX_LOW,2094.0,0.37,0.561,52.67,52.1,5.0,0.0,VALIDATED,2094.0,54.0,SBIN,4.54,95.21,INSTITUTIONAL,5
PANIC|HIGH_VOLATILITY|VOLATILE|SIDEWAYS|VIX_HIGH,1216.0,0.477,0.587,50.66,51.97,5.0,4.2e-05,VALIDATED,1216.0,46.0,^VIX,13.49,95.2,INSTITUTIONAL,5
MOMENTUM|HIGH_VOLATILITY|VOLATILE|BULL|VIX_LOW,2085.0,1.43,2.616,49.3,50.98,5.232,0.0,VALIDATED,2085.0,35.0,^VIX,17.75,95.1,INSTITUTIONAL,5
MOMENTUM|HIGH_VOLATILITY|VOLATILE|SIDEWAYS|VIX_ELEVATED,1066.0,0.755,0.719,50.75,50.38,5.0,3e-06,VALIDATED,1066.0,41.0,^VIX,19.7,95.04,INSTITUTIONAL,5
PANIC|BULL|NORMAL|BULL|VIX_ELEVATED,1174.0,0.266,0.477,52.13,50.26,5.0,0.00108,VALIDATED,1174.0,53.0,JPM,4.34,95.0,INSTITUTIONAL,5
PANIC|HIGH_VOLATILITY|VOLATILE|HIGH_VOL|VIX_EXTREME,858.0,1.786,4.129,60.84,68.18,8.258,0.0,VALIDATED,858.0,53.0,^VIX,4.66,96.82,HIGH,4
PANIC|SIDEWAYS|VOLATILE|SIDEWAYS|VIX_EXTREME,531.0,1.547,1.44,64.22,65.54,5.0,0.0,VALIDATED,531.0,52.0,SPY,5.27,96.55,HIGH,4
PANIC|SIDEWAYS|VOLATILE|BULL|VIX_HIGH,717.0,1.05,2.019,58.3,62.2,5.0,0.0,VALIDATED,717.0,53.0,AMZN,4.46,96.22,HIGH,4
OVERSOLD|SIDEWAYS|NORMAL|SIDEWAYS|VIX_ELEVATED,524.0,0.71,1.416,62.4,62.21,5.0,0.0,VALIDATED,524.0,51.0,HD,8.59,96.22,HIGH,4
PANIC|BULL|VOLATILE|BULL|VIX_HIGH,683.0,1.088,2.457,57.69,62.08,5.0,0.0,VALIDATED,683.0,53.0,AAPL,4.25,96.21,HIGH,4
MOMENTUM|SIDEWAYS|NORMAL|SIDEWAYS|VIX_HIGH,678.0,0.401,1.181,57.08,61.65,5.0,0.0,VALIDATED,678.0,54.0,SPY,6.05,96.16,HIGH,4
MOMENTUM|HIGH_VOLATILITY|VOLATILE|HIGH_VOL|VIX_EXTREME,917.0,0.839,2.377,51.8,61.29,5.0,0.0,VALIDATED,917.0,53.0,NVDA,3.82,96.13,HIGH,4
MOMENTUM|BEAR|VOLATILE|SIDEWAYS|VIX_HIGH,565.0,0.53,1.888,55.04,60.88,5.0,0.0,VALIDATED,565.0,53.0,SUZLON,4.78,96.09,HIGH,4
PANIC|SIDEWAYS|NORMAL|SIDEWAYS|VIX_HIGH,786.0,0.942,1.322,63.1,60.69,5.0,0.0,VALIDATED,786.0,53.0,SPY,6.62,96.07,HIGH,4
MOMENTUM|SIDEWAYS|NORMAL|SIDEWAYS|VIX_ELEVATED,844.0,0.695,0.906,60.19,59.95,5.0,0.0,VALIDATED,844.0,54.0,SPY,5.45,96.0,HIGH,4
PANIC|BULL|NORMAL|SIDEWAYS|VIX_ELEVATED,515.0,0.488,1.208,57.09,59.61,5.0,0.0,VALIDATED,515.0,50.0,V,6.41,95.96,HIGH,4
MOMENTUM|BULL|NORMAL|SIDEWAYS|VIX_ELEVATED,668.0,0.409,0.942,56.14,57.93,5.0,1e-06,VALIDATED,668.0,50.0,MCD,4.34,95.79,HIGH,4
PANIC|BULL|VOLATILE|SIDEWAYS|VIX_HIGH,686.0,0.634,0.903,55.83,57.58,5.0,2e-06,VALIDATED,686.0,52.0,COP,4.66,95.76,HIGH,4
PANIC|SIDEWAYS|NORMAL|SIDEWAYS|VIX_ELEVATED,905.0,0.619,0.989,57.79,56.69,5.0,0.0,VALIDATED,905.0,53.0,SPY,4.31,95.67,HIGH,4
OVERBOUGHT|BULL|NORMAL|SIDEWAYS|VIX_ELEVATED,527.0,0.134,0.669,47.63,56.93,5.0,0.002129,VALIDATED,527.0,45.0,MCD,6.07,95.65,HIGH,4
PANIC|BULL|VOLATILE|SIDEWAYS|VIX_ELEVATED,661.0,0.367,0.849,55.22,56.43,5.0,1.3e-05,VALIDATED,661.0,50.0,AMZN,3.93,95.64,HIGH,4
MOMENTUM|BULL|VOLATILE|SIDEWAYS|VIX_HIGH,839.0,0.593,1.052,55.07,56.02,5.0,0.0,VALIDATED,839.0,52.0,COP,4.77,95.6,HIGH,4
MOMENTUM|BEAR|VOLATILE|SIDEWAYS|VIX_ELEVATED,525.0,0.586,0.846,55.62,53.9,5.0,0.000106,VALIDATED,525.0,52.0,SAIL,5.33,95.39,HIGH,4
PANIC|BEAR|VOLATILE|SIDEWAYS|VIX_HIGH,941.0,0.461,0.451,54.94,53.99,5.0,0.005658,VALIDATED,941.0,54.0,IDEA,3.4,95.29,HIGH,4
PANIC|BEAR|VOLATILE|SIDEWAYS|VIX_ELEVATED,860.0,0.217,0.474,49.42,53.72,5.0,0.005435,VALIDATED,860.0,53.0,SAIL,6.4,95.26,HIGH,4
PANIC|HIGH_VOLATILITY|VOLATILE|BULL|VIX_HIGH,736.0,1.062,1.611,51.22,52.17,5.0,0.0,VALIDATED,736.0,40.0,^VIX,12.77,95.22,HIGH,4
MOMENTUM|BEAR|VOLATILE|BULL|VIX_LOW,765.0,0.2,0.488,51.11,52.94,5.0,0.006945,VALIDATED,765.0,49.0,GDX,8.89,95.16,HIGH,4
MOMENTUM|SIDEWAYS|VOLATILE|BULL|VIX_HIGH,554.0,0.822,1.091,53.61,50.9,5.0,0.0,VALIDATED,554.0,52.0,SBIN,5.6,95.09,HIGH,4
OVERBOUGHT|SIDEWAYS|NORMAL|BULL|VIX_LOW,1008.0,0.18,0.342,56.35,56.05,5.0,0.029883,VALIDATED,1008.0,50.0,MCD,7.44,95.01,HIGH,4
PANIC|HIGH_VOLATILITY|VOLATILE|BEAR|VIX_HIGH,536.0,-0.316,0.531,46.83,51.31,5.0,0.013944,VALIDATED,536.0,39.0,^VIX,13.06,94.85,HIGH,4
PANIC|SIDEWAYS|VOLATILE|BULL|VIX_ELEVATED,2033.0,0.067,0.322,50.07,48.99,5.0,0.003688,VALIDATED,2033.0,53.0,SBIN,3.94,94.83,HIGH,4
PANIC|BEAR|VOLATILE|BEAR|VIX_HIGH,656.0,-0.128,0.458,46.95,51.52,5.0,0.018971,VALIDATED,656.0,52.0,AAPL,4.88,94.77,HIGH,4
MOMENTUM|HIGH_VOLATILITY|VOLATILE|BULL|VIX_ELEVATED,1792.0,0.502,1.395,45.15,47.43,5.0,0.0,VALIDATED,1792.0,41.0,^VIX,17.52,94.74,HIGH,4
PANIC|SIDEWAYS|NORMAL|BULL|VIX_ELEVATED,1202.0,-0.056,0.337,49.0,51.08,5.0,0.019452,VALIDATED,1202.0,54.0,CVX,3.58,94.72,HIGH,4
PANIC|HIGH_VOLATILITY|VOLATILE|BULL|VIX_ELEVATED,1696.0,0.752,1.051,46.76,46.46,5.0,0.0,VALIDATED,1696.0,42.0,^VIX,21.52,94.65,HIGH,4
MOMENTUM|HIGH_VOLATILITY|VOLATILE|BULL|VIX_HIGH,763.0,0.32,0.895,47.58,46.26,5.0,1e-06,VALIDATED,763.0,42.0,^VIX,14.02,94.63,HIGH,4
PANIC|SIDEWAYS|NORMAL|BULL|VIX_LOW,1425.0,0.259,0.263,52.84,51.37,5.0,0.047077,VALIDATED,1425.0,54.0,USO,4.28,94.2,HIGH,4
MOMENTUM|BULL|NORMAL|BULL|VIX_HIGH,445.0,0.843,1.563,57.53,61.35,5.0,0.0,VALIDATED,445.0,50.0,SPY,5.84,91.73,HIGH,4
PANIC|HIGH_VOLATILITY|VOLATILE|SIDEWAYS|VIX_EXTREME,443.0,1.728,3.386,56.66,59.37,6.772,0.0,VALIDATED,443.0,46.0,^VIX,7.45,91.38,HIGH,4
MOMENTUM|HIGH_VOLATILITY|VOLATILE|SPY_INSUFFICIENT_HISTORY|VIX_UNAVAILABLE,454.0,0.679,1.087,48.02,46.92,5.0,4e-06,VALIDATED,454.0,20.0,ETH-USD,42.95,91.01,HIGH,4
OVERBOUGHT|BULL|NORMAL|BULL|VIX_HIGH,432.0,0.845,1.723,56.94,58.1,5.0,0.0,VALIDATED,432.0,50.0,DBC,6.71,90.37,HIGH,4
MOMENTUM|HIGH_VOLATILITY|VOLATILE|BEAR|VIX_HIGH,440.0,0.31,0.589,48.41,52.5,5.0,0.013474,VALIDATED,440.0,36.0,^VIX,11.36,90.18,HIGH,4
PANIC|SIDEWAYS|VOLATILE|BEAR|VIX_HIGH,426.0,0.39,0.884,53.99,55.16,5.0,0.000263,VALIDATED,426.0,51.0,BEL,4.69,89.59,MEDIUM,3
PANIC|BULL|NORMAL|BULL|VIX_HIGH,414.0,0.323,1.345,52.66,60.87,5.0,0.0,VALIDATED,414.0,52.0,V,4.35,89.21,MEDIUM,3
PANIC|INSUFFICIENT_HISTORY|NORMAL|SPY_INSUFFICIENT_HISTORY|VIX_HIGH,424.0,-0.022,0.584,51.18,54.25,5.0,0.01617,VALIDATED,424.0,45.0,BEL,4.01,89.02,MEDIUM,3
MOMENTUM|BULL|NORMAL|SIDEWAYS|VIX_HIGH,412.0,0.136,0.956,52.91,58.74,5.0,0.000104,VALIDATED,412.0,49.0,LMT,5.34,88.83,MEDIUM,3
PANIC|BULL|NORMAL|SIDEWAYS|VIX_HIGH,409.0,0.375,0.812,54.77,56.97,5.0,0.001022,VALIDATED,409.0,49.0,LMT,4.65,88.4,MEDIUM,3
MOMENTUM|BEAR|VOLATILE|BEAR|VIX_HIGH,408.0,0.227,0.921,50.25,55.15,5.0,0.000199,VALIDATED,408.0,50.0,GS,5.88,88.15,MEDIUM,3
MOMENTUM|INSUFFICIENT_HISTORY|NORMAL|SPY_INSUFFICIENT_HISTORY|VIX_HIGH,399.0,0.39,0.907,56.64,59.9,5.0,0.000291,VALIDATED,399.0,45.0,LT,4.01,87.9,MEDIUM,3
PANIC|BEAR|VOLATILE|BEAR|VIX_EXTREME,382.0,2.359,2.982,67.28,68.85,5.964,0.0,VALIDATED,382.0,49.0,SPY,5.5,87.45,MEDIUM,3
PANIC|BEAR|NORMAL|SIDEWAYS|VIX_HIGH,395.0,0.264,0.676,52.91,55.44,5.0,0.007209,VALIDATED,395.0,51.0,GDX,4.56,87.0,MEDIUM,3
OVERSOLD|BEAR|NORMAL|SIDEWAYS|VIX_ELEVATED,400.0,0.515,0.523,54.25,53.0,5.0,0.036439,VALIDATED,400.0,47.0,GLD,7.25,86.57,MEDIUM,3
PANIC|HIGH_VOLATILITY|NORMAL|BULL|VIX_LOW,384.0,0.889,2.526,53.39,54.95,5.052,0.0,VALIDATED,384.0,34.0,^VIX,16.41,86.22,MEDIUM,3
PANIC|HIGH_VOLATILITY|VOLATILE|SPY_INSUFFICIENT_HISTORY|VIX_UNAVAILABLE,377.0,0.908,1.959,59.15,59.15,5.0,0.0,VALIDATED,377.0,20.0,ETH-USD,45.36,86.08,MEDIUM,3
PANIC|SIDEWAYS|NORMAL|BULL|VIX_HIGH,356.0,0.587,0.616,53.65,54.21,5.0,0.020097,VALIDATED,356.0,51.0,BHARTIARTL,6.74,83.5,MEDIUM,3
PANIC|INSUFFICIENT_HISTORY|VOLATILE|SPY_INSUFFICIENT_HISTORY|VIX_EXTREME,334.0,0.664,1.088,64.37,57.49,5.0,7e-05,VALIDATED,334.0,45.0,NVDA,4.19,82.47,MEDIUM,3
MOMENTUM|HIGH_VOLATILITY|NORMAL|BULL|VIX_LOW,341.0,1.909,2.929,51.61,50.15,5.858,0.0,VALIDATED,341.0,34.0,^VIX,16.13,82.3,MEDIUM,3
OVERBOUGHT|BULL|NORMAL|SIDEWAYS|VIX_HIGH,316.0,0.504,1.592,61.39,68.04,5.0,0.0,VALIDATED,316.0,46.0,GLD,6.96,82.08,MEDIUM,3
MOMENTUM|SIDEWAYS|VOLATILE|SIDEWAYS|VIX_EXTREME,318.0,0.813,0.923,57.86,61.95,5.0,0.000995,VALIDATED,318.0,50.0,SLV,4.4,81.62,MEDIUM,3
OVERBOUGHT|SIDEWAYS|NORMAL|SIDEWAYS|VIX_HIGH,284.0,0.451,1.105,55.99,65.85,5.0,0.000196,VALIDATED,284.0,51.0,ICICIBANK,4.23,79.3,MEDIUM,3
OVERBOUGHT|INSUFFICIENT_HISTORY|NORMAL|SPY_INSUFFICIENT_HISTORY|VIX_ELEVATED,274.0,0.496,0.952,59.85,69.71,5.0,0.001623,VALIDATED,274.0,34.0,QQQ,7.66,78.86,MEDIUM,3
PANIC|HIGH_VOLATILITY|NORMAL|BULL|VIX_ELEVATED,293.0,0.368,1.061,46.42,51.54,5.0,0.000281,VALIDATED,293.0,33.0,^VIX,11.95,78.59,MEDIUM,3
MOMENTUM|BULL|VOLATILE|SIDEWAYS|VIX_LOW,276.0,0.811,1.082,55.8,58.7,5.0,0.000324,VALIDATED,276.0,46.0,IRDM,6.88,77.94,MEDIUM,3
PANIC|BEAR|VOLATILE|BULL|VIX_HIGH,291.0,0.854,0.679,57.04,48.8,5.0,0.020527,VALIDATED,291.0,47.0,YESBANK,7.56,77.75,MEDIUM,3
OVERBOUGHT|INSUFFICIENT_HISTORY|NORMAL|SPY_INSUFFICIENT_HISTORY|VIX_HIGH,265.0,0.461,1.251,61.51,64.91,5.0,4.6e-05,VALIDATED,265.0,39.0,GLD,9.81,77.69,MEDIUM,3
PANIC|BEAR|VOLATILE|SIDEWAYS|VIX_EXTREME,273.0,0.146,0.879,54.58,55.68,5.0,0.003676,VALIDATED,273.0,47.0,JPM,5.49,77.33,MEDIUM,3
MOMENTUM|BEAR|NORMAL|SIDEWAYS|VIX_HIGH,249.0,0.61,1.439,55.02,58.63,5.0,6e-06,VALIDATED,249.0,49.0,NMDC,4.42,75.78,MEDIUM,3
PANIC|SIDEWAYS|VOLATILE|BEAR|VIX_EXTREME,241.0,0.887,1.25,62.66,60.58,5.0,0.000104,VALIDATED,241.0,45.0,GDX,5.81,75.34,MEDIUM,3
MOMENTUM|SIDEWAYS|NORMAL|SIDEWAYS|VIX_LOW,249.0,0.698,0.712,62.65,57.43,5.0,0.024638,VALIDATED,249.0,44.0,AAPL,5.62,75.17,MEDIUM,3
MOMENTUM|SIDEWAYS|NORMAL|BULL|VIX_HIGH,258.0,0.336,0.68,53.88,50.78,5.0,0.028927,VALIDATED,258.0,49.0,NOC,5.43,75.14,MEDIUM,3
PANIC|BEAR|NORMAL|BEAR|VIX_HIGH,229.0,0.392,1.161,57.21,60.26,5.0,0.000442,VALIDATED,229.0,49.0,SPY,10.04,74.34,MEDIUM,3
OVERSOLD|BEAR|NORMAL|SIDEWAYS|VIX_HIGH,225.0,1.207,1.805,60.0,63.11,5.0,0.0,VALIDATED,225.0,48.0,TCS,8.0,74.31,MEDIUM,3
MOMENTUM|BEAR|VOLATILE|BEAR|VIX_EXTREME,205.0,1.444,2.049,67.32,67.32,5.0,0.0,VALIDATED,205.0,45.0,RTX,5.85,73.13,MEDIUM,3
OVERBOUGHT|HIGH_VOLATILITY|NORMAL|BULL|VIX_LOW,216.0,1.149,2.472,52.78,57.41,5.0,0.0,VALIDATED,216.0,25.0,AMD,10.65,73.02,MEDIUM,3
MOMENTUM|SIDEWAYS|NORMAL|BEAR|VIX_HIGH,208.0,0.255,1.129,55.77,59.13,5.0,0.001128,VALIDATED,208.0,46.0,GLD,6.25,72.53,MEDIUM,3
MOMENTUM|BULL|VOLATILE|SPY_INSUFFICIENT_HISTORY|VIX_UNAVAILABLE,210.0,1.718,2.1,52.86,51.9,5.0,0.0,VALIDATED,210.0,24.0,BTC-USD,20.95,71.99,MEDIUM,3
PANIC|HIGH_VOLATILITY|NORMAL|SIDEWAYS|VIX_HIGH,196.0,0.976,2.224,55.61,58.67,5.0,0.0,VALIDATED,196.0,38.0,^VIX,8.16,71.55,MEDIUM,3
MOMENTUM|SIDEWAYS|VOLATILE|SPY_INSUFFICIENT_HISTORY|VIX_UNAVAILABLE,202.0,0.623,1.023,52.97,53.47,5.0,0.003639,VALIDATED,202.0,25.0,BTC-USD,23.27,71.43,MEDIUM,3
MOMENTUM|HIGH_VOLATILITY|VOLATILE|HIGH_VOL|VIX_HIGH,200.0,0.105,0.973,56.0,55.5,5.0,0.005922,VALIDATED,200.0,40.0,AMD,8.0,71.43,MEDIUM,3
MOMENTUM|BEAR|NORMAL|BEAR|VIX_HIGH,194.0,0.329,0.986,55.67,59.79,5.0,0.00602,VALIDATED,194.0,48.0,DBC,6.7,71.38,MEDIUM,3
MOMENTUM|HIGH_VOLATILITY|VOLATILE|SIDEWAYS|VIX_LOW,198.0,1.559,4.041,48.48,53.03,8.082,0.0,VALIDATED,198.0,24.0,^VIX,21.21,71.14,MEDIUM,3
MOMENTUM|BULL|VOLATILE|SIDEWAYS|VIX_EXTREME,181.0,1.091,1.436,55.8,56.91,5.0,0.000112,VALIDATED,181.0,42.0,CVX,6.08,70.17,MEDIUM,3
PANIC|HIGH_VOLATILITY|VOLATILE|SIDEWAYS|VIX_LOW,178.0,1.884,4.074,48.88,52.81,8.148,0.0,VALIDATED,178.0,23.0,^VIX,36.52,69.52,MEDIUM,3
PANIC|BULL|VOLATILE|SIDEWAYS|VIX_EXTREME,145.0,1.466,3.318,59.31,68.97,6.636,0.0,VALIDATED,145.0,39.0,V,6.21,68.5,MEDIUM,3
PANIC|SIDEWAYS|NORMAL|SIDEWAYS|VIX_EXTREME,137.0,1.731,2.919,66.42,72.99,5.838,0.0,VALIDATED,137.0,45.0,SPY,5.84,68.26,MEDIUM,3
PANIC|HIGH_VOLATILITY|NORMAL|SIDEWAYS|VIX_ELEVATED,166.0,1.369,1.025,53.01,50.6,5.0,0.00826,VALIDATED,166.0,32.0,^VIX,12.65,68.17,MEDIUM,3
PANIC|HIGH_VOLATILITY|VOLATILE|HIGH_VOL|VIX_HIGH,144.0,1.857,3.081,56.94,64.58,6.162,0.0,VALIDATED,144.0,31.0,^VIX,14.58,67.98,MEDIUM,3
MOMENTUM|SIDEWAYS|VOLATILE|BEAR|VIX_EXTREME,128.0,1.422,2.132,61.72,71.09,5.0,1e-06,VALIDATED,128.0,39.0,LMT,6.25,67.35,MEDIUM,3
MOMENTUM|HIGH_VOLATILITY|NORMAL|SIDEWAYS|VIX_ELEVATED,148.0,1.004,1.561,56.76,54.05,5.0,0.000146,VALIDATED,148.0,33.0,AMD,9.46,67.24,MEDIUM,3
PANIC|HIGH_VOLATILITY|NORMAL|BULL|VIX_HIGH,146.0,0.444,1.628,51.37,52.74,5.0,8.3e-05,VALIDATED,146.0,38.0,IDEA,8.22,66.95,MEDIUM,3
OVERBOUGHT|HIGH_VOLATILITY|NORMAL|BULL|VIX_ELEVATED,130.0,1.617,2.338,55.38,58.46,5.0,0.0,VALIDATED,130.0,27.0,AMD,10.77,66.25,MEDIUM,3
PANIC|BEAR|NORMAL|BEAR|VIX_EXTREME,110.0,1.224,1.869,69.09,72.73,5.0,8.8e-05,VALIDATED,110.0,39.0,GS,7.27,66.07,MEDIUM,3
MOMENTUM|SIDEWAYS|NORMAL|SIDEWAYS|VIX_EXTREME,103.0,1.876,2.619,64.08,73.79,5.238,0.0,VALIDATED,103.0,43.0,SPY,7.77,65.62,MEDIUM,3
MOMENTUM|BEAR|VOLATILE|SIDEWAYS|VIX_EXTREME,102.0,2.132,2.548,65.69,69.61,5.096,0.0,VALIDATED,102.0,38.0,LT,6.86,65.12,MEDIUM,3
PANIC|HIGH_VOLATILITY|NORMAL|HIGH_VOL|VIX_EXTREME,101.0,0.874,1.694,57.43,61.39,5.0,0.000662,VALIDATED,101.0,45.0,IDEA,7.92,64.21,MEDIUM,3
OVERBOUGHT|BULL|NORMAL|SPY_INSUFFICIENT_HISTORY|VIX_UNAVAILABLE,104.0,0.694,2.397,50.96,52.88,5.0,1e-06,VALIDATED,104.0,20.0,BTC-USD,29.81,63.61,MEDIUM,3
MOMENTUM|SIDEWAYS|NORMAL|SPY_INSUFFICIENT_HISTORY|VIX_UNAVAILABLE,101.0,0.717,1.386,49.5,54.46,5.0,0.005339,VALIDATED,101.0,21.0,BTC-USD,20.79,63.42,MEDIUM,3
MOMENTUM|INSUFFICIENT_HISTORY|VOLATILE|BULL|VIX_LOW,213.0,2.383,3.786,47.42,47.42,7.572,0.0,VALIDATED,213.0,9.0,IREDA,28.17,55.28,MEDIUM,3
PANIC|BEAR|VOLATILE|HIGH_VOL|VIX_EXTREME,178.0,-1.404,-2.865,53.93,55.62,5.73,0.0,NOT_VALIDATED,,,,,0.0,MEDIUM,3
MOMENTUM|SIDEWAYS|VOLATILE|HIGH_VOL|VIX_EXTREME,143.0,-2.653,-3.312,42.66,48.95,6.624,0.0,NOT_VALIDATED,,,,,0.0,MEDIUM,3
PANIC|SIDEWAYS|VOLATILE|HIGH_VOL|VIX_EXTREME,182.0,-4.245,-5.297,43.96,50.0,10.594,0.0,NOT_VALIDATED,,,,,0.0,MEDIUM,3
MOMENTUM|HIGH_VOLATILITY|VOLATILE|BEAR|VIX_EXTREME,175.0,-1.138,-1.818,45.14,49.71,5.0,2e-06,NOT_VALIDATED,,,,,0.0,MEDIUM,3
PANIC|BEAR|VOLATILE|SIDEWAYS|VIX_LOW,129.0,-0.633,-1.956,43.41,35.66,5.0,9e-06,NOT_VALIDATED,,,,,0.0,MEDIUM,3
PANIC|BULL|VOLATILE|BEAR|VIX_HIGH,169.0,-1.518,-1.496,42.6,47.34,5.0,0.0001,NOT_VALIDATED,,,,,0.0,MEDIUM,3
MOMENTUM|INSUFFICIENT_HISTORY|VOLATILE|SPY_INSUFFICIENT_HISTORY|VIX_ELEVATED,385.0,-0.323,-0.788,46.75,45.71,5.0,0.001986,NOT_VALIDATED,,,,,0.0,MEDIUM,3
MOMENTUM|BEAR|VOLATILE|HIGH_VOL|VIX_EXTREME,114.0,-1.001,-1.188,50.0,55.26,5.0,0.011185,NOT_VALIDATED,,,,,0.0,MEDIUM,3
MOMENTUM|INSUFFICIENT_HISTORY|VOLATILE|SPY_INSUFFICIENT_HISTORY|VIX_EXTREME,149.0,-0.305,-1.012,57.72,47.65,5.0,0.013488,NOT_VALIDATED,,,,,0.0,MEDIUM,3
MOMENTUM|BEAR|NORMAL|BULL|VIX_ELEVATED,380.0,-0.463,-0.628,44.74,46.84,5.0,0.014349,NOT_VALIDATED,,,,,0.0,MEDIUM,3
PANIC|BEAR|VOLATILE|BULL|VIX_LOW,1155.0,0.026,-0.32,50.56,48.31,5.0,0.029626,NOT_VALIDATED,,,,,0.0,MEDIUM,3
PANIC|BEAR|NORMAL|BULL|VIX_LOW,668.0,-0.223,-0.388,47.6,47.46,5.0,0.044896,NOT_VALIDATED,,,,,0.0,MEDIUM,3
OVERSOLD|SIDEWAYS|NORMAL|SIDEWAYS|VIX_EXTREME,83.0,2.786,3.294,72.29,73.49,6.588,5e-06,VALIDATED,83.0,31.0,MCD,12.05,63.99,LOW,2
OVERBOUGHT|SIDEWAYS|NORMAL|BEAR|VIX_HIGH,79.0,0.621,1.813,60.76,68.35,5.0,0.001269,VALIDATED,79.0,28.0,SLV,10.13,63.13,LOW,2
MOMENTUM|BULL|NORMAL|SPY_INSUFFICIENT_HISTORY|VIX_UNAVAILABLE,95.0,0.839,2.067,45.26,52.63,5.0,5.6e-05,VALIDATED,95.0,23.0,BTC-USD,27.37,62.86,LOW,2
OVERBOUGHT|SIDEWAYS|NORMAL|BULL|VIX_HIGH,84.0,0.706,1.662,59.52,61.9,5.0,0.002315,VALIDATED,84.0,26.0,USO,13.1,62.86,LOW,2
MOMENTUM|HIGH_VOLATILITY|NORMAL|BULL|VIX_HIGH,99.0,0.36,1.247,50.51,50.51,5.0,0.013083,VALIDATED,99.0,29.0,BTC-USD,8.08,62.71,LOW,2
PANIC|BULL|VOLATILE|SPY_INSUFFICIENT_HISTORY|VIX_UNAVAILABLE,89.0,1.087,2.091,58.43,55.06,5.0,8e-05,VALIDATED,89.0,22.0,BTC-USD,21.35,62.62,LOW,2
PANIC|BEAR|VOLATILE|SPY_INSUFFICIENT_HISTORY|VIX_UNAVAILABLE,96.0,1.734,1.022,67.71,58.33,5.0,0.045209,VALIDATED,96.0,23.0,BTC-USD,29.17,62.61,LOW,2
MOMENTUM|BULL|NORMAL|SIDEWAYS|VIX_EXTREME,70.0,1.801,2.556,70.0,65.71,5.112,2.9e-05,VALIDATED,70.0,34.0,AAPL,7.14,62.17,LOW,2
PANIC|BULL|NORMAL|SIDEWAYS|VIX_EXTREME,53.0,1.668,3.748,64.15,77.36,7.496,0.000273,VALIDATED,53.0,26.0,COST,9.43,61.97,LOW,2
OVERSOLD|HIGH_VOLATILITY|NORMAL|HIGH_VOL|VIX_EXTREME,39.0,7.613,13.236,71.79,87.18,26.472,0.001793,VALIDATED,39.0,23.0,BSE,10.26,61.8,LOW,2
OVERBOUGHT|HIGH_VOLATILITY|NORMAL|BULL|VIX_HIGH,64.0,3.384,3.533,65.62,65.62,7.066,6.3e-05,VALIDATED,64.0,22.0,BTC-USD,14.06,61.68,LOW,2
PANIC|BULL|NORMAL|SPY_INSUFFICIENT_HISTORY|VIX_UNAVAILABLE,66.0,1.563,2.429,60.61,63.64,5.0,7.9e-05,VALIDATED,66.0,21.0,BTC-USD,12.12,61.64,LOW,2
MOMENTUM|HIGH_VOLATILITY|NORMAL|BEAR|VIX_HIGH,67.0,2.015,2.339,56.72,62.69,5.0,0.000129,VALIDATED,67.0,23.0,USO,13.43,61.63,LOW,2
OVERSOLD|HIGH_VOLATILITY|NORMAL|BULL|VIX_ELEVATED,86.0,0.712,1.418,44.19,47.67,5.0,0.008539,VALIDATED,86.0,20.0,IDEA,18.6,61.48,LOW,2
PANIC|SIDEWAYS|VOLATILE|HIGH_VOL|VIX_HIGH,68.0,1.2,1.886,60.29,58.82,5.0,0.001868,VALIDATED,68.0,31.0,SBIN,8.82,61.28,LOW,2
MOMENTUM|BULL|VOLATILE|HIGH_VOL|VIX_HIGH,50.0,0.863,2.507,56.0,72.0,5.014,0.000407,VALIDATED,50.0,20.0,BEL,12.0,61.19,LOW,2
PANIC|BEAR|VOLATILE|HIGH_VOL|VIX_HIGH,49.0,2.613,3.05,77.55,71.43,6.1,0.000465,VALIDATED,49.0,27.0,INFY,10.2,61.05,LOW,2
PANIC|HIGH_VOLATILITY|NORMAL|SIDEWAYS|VIX_EXTREME,60.0,1.225,2.958,48.33,61.67,5.916,0.000108,VALIDATED,60.0,29.0,GS,6.67,60.96,LOW,2
OVERSOLD|BEAR|NORMAL|BULL|VIX_HIGH,75.0,1.854,1.191,66.67,57.33,5.0,0.039125,VALIDATED,75.0,28.0,YESBANK,13.33,60.95,LOW,2
MOMENTUM|HIGH_VOLATILITY|NORMAL|HIGH_VOL|VIX_HIGH,47.0,1.377,2.583,68.09,70.21,5.166,0.000608,VALIDATED,47.0,30.0,AMZN,8.51,60.77,LOW,2
PANIC|BEAR|NORMAL|SIDEWAYS|VIX_EXTREME,54.0,-0.007,1.989,51.85,62.96,5.0,0.003464,VALIDATED,54.0,30.0,NMDC,7.41,60.55,LOW,2
PANIC|BULL|VOLATILE|BULL|VIX_EXTREME,55.0,2.275,2.516,69.09,58.18,5.032,0.000209,VALIDATED,55.0,27.0,QQQ,9.09,60.21,LOW,2
OVERSOLD|BEAR|NORMAL|BEAR|VIX_EXTREME,48.0,1.703,1.662,77.08,64.58,5.0,0.021283,VALIDATED,48.0,23.0,BSE,14.58,59.87,LOW,2
OVERBOUGHT|HIGH_VOLATILITY|NORMAL|SIDEWAYS|VIX_HIGH,49.0,2.649,6.252,46.94,59.18,12.504,0.000465,VALIDATED,49.0,24.0,IDEA,10.2,59.83,LOW,2
OVERSOLD|HIGH_VOLATILITY|NORMAL|SIDEWAYS|VIX_ELEVATED,56.0,1.286,3.779,57.14,67.86,7.558,0.000183,VALIDATED,56.0,19.0,AMD,17.86,59.76,LOW,2
MOMENTUM|HIGH_VOLATILITY|NORMAL|SIDEWAYS|VIX_EXTREME,52.0,-0.682,1.658,42.31,57.69,5.0,0.016793,VALIDATED,52.0,27.0,BAC,9.62,59.59,LOW,2
PANIC|BEAR|NORMAL|SPY_INSUFFICIENT_HISTORY|VIX_UNAVAILABLE,53.0,0.351,1.87,50.94,58.49,5.0,0.006474,VALIDATED,53.0,19.0,BTC-USD,18.87,58.46,LOW,2
MOMENTUM|INSUFFICIENT_HISTORY|VOLATILE|SPY_INSUFFICIENT_HISTORY|VIX_UNAVAILABLE,72.0,1.843,3.178,47.22,51.39,6.356,2.2e-05,VALIDATED,72.0,18.0,ETH-USD,43.06,57.9,LOW,2
OVERSOLD|HIGH_VOLATILITY|NORMAL|BULL|VIX_LOW,90.0,1.676,2.033,62.22,55.56,5.0,0.000115,VALIDATED,90.0,16.0,^VIX,18.89,56.75,LOW,2
OVERSOLD|HIGH_VOLATILITY|NORMAL|SIDEWAYS|VIX_HIGH,38.0,1.405,1.935,60.53,55.26,5.0,0.01705,VALIDATED,38.0,19.0,SUZLON,13.16,56.72,LOW,2
OVERBOUGHT|SIDEWAYS|NORMAL|SPY_INSUFFICIENT_HISTORY|VIX_UNAVAILABLE,41.0,2.538,5.227,60.98,75.61,10.454,0.001367,VALIDATED,41.0,17.0,BTC-USD,39.02,56.31,LOW,2
PANIC|HIGH_VOLATILITY|NORMAL|SIDEWAYS|VIX_LOW,37.0,3.285,2.875,51.35,59.46,5.75,0.002355,VALIDATED,37.0,17.0,AMD,13.51,54.36,LOW,2
MOMENTUM|HIGH_VOLATILITY|VOLATILE|BEAR|VIX_ELEVATED,35.0,1.575,3.161,68.57,65.71,6.322,0.003096,VALIDATED,35.0,16.0,AMD,11.43,53.31,LOW,2
PANIC|HIGH_VOLATILITY|NORMAL|SPY_INSUFFICIENT_HISTORY|VIX_UNAVAILABLE,89.0,0.427,1.344,47.19,50.56,5.0,0.011217,VALIDATED,89.0,14.0,ETH-USD,41.57,52.95,LOW,2
OVERBOUGHT|SIDEWAYS|NORMAL|SIDEWAYS|VIX_EXTREME,34.0,0.552,4.987,52.94,64.71,9.974,0.003551,VALIDATED,34.0,15.0,HAL,17.65,51.62,LOW,2
MOMENTUM|HIGH_VOLATILITY|NORMAL|SPY_INSUFFICIENT_HISTORY|VIX_UNAVAILABLE,87.0,0.858,1.387,47.13,55.17,5.0,0.00967,VALIDATED,87.0,12.0,BTC-USD,48.28,50.28,LOW,2
OVERBOUGHT|HIGH_VOLATILITY|NORMAL|SPY_INSUFFICIENT_HISTORY|VIX_UNAVAILABLE,57.0,2.131,2.433,56.14,56.14,5.0,0.000239,VALIDATED,57.0,11.0,BTC-USD,56.14,46.67,LOW,2
PANIC|INSUFFICIENT_HISTORY|NORMAL|BULL|VIX_LOW,81.0,-0.616,2.411,38.27,44.44,5.0,1.4e-05,VALIDATED,81.0,9.0,BSE,17.28,44.42,LOW,2
PANIC|INSUFFICIENT_HISTORY|VOLATILE|SIDEWAYS|VIX_HIGH,39.0,0.849,2.718,64.1,56.41,5.436,0.001793,VALIDATED,39.0,10.0,ETH-USD,23.08,43.73,LOW,2
MOMENTUM|INSUFFICIENT_HISTORY|NORMAL|BULL|VIX_LOW,48.0,1.28,3.293,35.42,50.0,6.586,0.000532,VALIDATED,48.0,9.0,BSE,27.08,42.33,LOW,2
OVERSOLD|INSUFFICIENT_HISTORY|NORMAL|BULL|VIX_LOW,62.0,0.715,1.726,45.16,51.61,5.0,0.006566,VALIDATED,62.0,7.0,COCHINSHIP,25.81,40.49,LOW,2
PANIC|INSUFFICIENT_HISTORY|VOLATILE|SPY_INSUFFICIENT_HISTORY|VIX_UNAVAILABLE,46.0,1.484,3.331,54.35,50.0,6.662,0.000696,VALIDATED,46.0,7.0,BTC-USD,43.48,39.17,LOW,2
OVERBOUGHT|BULL|NORMAL|BEAR|VIX_HIGH,61.0,-0.887,-2.941,39.34,36.07,5.882,9.4e-05,NOT_VALIDATED,,,,,0.0,LOW,2
PANIC|BEAR|NORMAL|HIGH_VOL|VIX_EXTREME,55.0,-2.04,-2.203,50.91,58.18,5.0,0.001085,NOT_VALIDATED,,,,,0.0,LOW,2
OVERSOLD|BEAR|NORMAL|HIGH_VOL|VIX_EXTREME,39.0,-2.436,-2.697,41.03,56.41,5.394,0.001793,NOT_VALIDATED,,,,,0.0,LOW,2
PANIC|SIDEWAYS|NORMAL|HIGH_VOL|VIX_EXTREME,37.0,-3.187,-4.915,43.24,51.35,9.83,0.002355,NOT_VALIDATED,,,,,0.0,LOW,2
OVERSOLD|INSUFFICIENT_HISTORY|NORMAL|SPY_INSUFFICIENT_HISTORY|VIX_ELEVATED,30.0,-1.815,-4.174,26.67,13.33,8.348,0.00617,NOT_VALIDATED,,,,,0.0,LOW,2
MOMENTUM|BULL|VOLATILE|HIGH_VOL|VIX_EXTREME,86.0,-0.847,-1.338,39.53,46.51,5.0,0.013079,NOT_VALIDATED,,,,,0.0,LOW,2
MOMENTUM|INSUFFICIENT_HISTORY|NORMAL|BULL|VIX_ELEVATED,35.0,1.648,-2.093,40.0,28.57,5.0,0.013269,NOT_VALIDATED,,,,,0.0,LOW,2
PANIC|HIGH_VOLATILITY|VOLATILE|BULL|VIX_EXTREME,46.0,-0.185,-1.804,50.0,32.61,5.0,0.014402,NOT_VALIDATED,,,,,0.0,LOW,2
OVERSOLD|HIGH_VOLATILITY|NORMAL|BEAR|VIX_EXTREME,30.0,0.141,-2.182,46.67,36.67,5.0,0.016836,NOT_VALIDATED,,,,,0.0,LOW,2
OVERSOLD|BEAR|NORMAL|SIDEWAYS|VIX_LOW,93.0,-0.787,-1.039,46.24,44.09,5.0,0.045075,NOT_VALIDATED,,,,,0.0,LOW,2
PANIC|INSUFFICIENT_HISTORY|VOLATILE|SPY_INSUFFICIENT_HISTORY|VIX_ELEVATED,267.0,0.346,-0.504,46.07,42.7,5.0,0.09954,NOT_VALIDATED,,,,,0.0,LOW,2
MOMENTUM|BULL|NORMAL|BEAR|VIX_HIGH,101.0,-0.899,-0.815,41.58,45.54,5.0,0.101395,NOT_VALIDATED,,,,,0.0,LOW,2
PANIC|SIDEWAYS|VOLATILE|SPY_INSUFFICIENT_HISTORY|VIX_UNAVAILABLE,159.0,-0.455,-0.646,48.43,50.94,5.0,0.103281,NOT_VALIDATED,,,,,0.0,LOW,2
PANIC|INSUFFICIENT_HISTORY|NORMAL|SPY_INSUFFICIENT_HISTORY|VIX_ELEVATED,190.0,-0.156,-0.552,44.74,46.84,5.0,0.128069,NOT_VALIDATED,,,,,0.0,LOW,2
PANIC|INSUFFICIENT_HISTORY|VOLATILE|BULL|VIX_LOW,208.0,0.331,0.516,42.31,41.83,5.0,0.136653,NOT_VALIDATED,,,,,0.0,LOW,2
PANIC|BEAR|NORMAL|BULL|VIX_ELEVATED,519.0,-0.211,-0.315,45.66,49.71,5.0,0.151219,NOT_VALIDATED,,,,,0.0,LOW,2
MOMENTUM|SIDEWAYS|NORMAL|HIGH_VOL|VIX_EXTREME,38.0,-0.568,-1.139,52.63,63.16,5.0,0.160243,NOT_VALIDATED,,,,,0.0,LOW,2
PANIC|INSUFFICIENT_HISTORY|VOLATILE|SIDEWAYS|VIX_ELEVATED,58.0,0.149,-0.919,37.93,44.83,5.0,0.161579,NOT_VALIDATED,,,,,0.0,LOW,2
OVERSOLD|BEAR|NORMAL|SPY_INSUFFICIENT_HISTORY|VIX_UNAVAILABLE,46.0,0.102,-1.026,63.04,43.48,5.0,0.164003,NOT_VALIDATED,,,,,0.0,LOW,2
MOMENTUM|BULL|VOLATILE|BEAR|VIX_EXTREME,97.0,-0.439,-0.7,49.48,53.61,5.0,0.167944,NOT_VALIDATED,,,,,0.0,LOW,2
MOMENTUM|HIGH_VOLATILITY|NORMAL|BULL|VIX_ELEVATED,297.0,0.164,0.37,44.78,49.16,5.0,0.202206,NOT_VALIDATED,,,,,0.0,LOW,2
PANIC|INSUFFICIENT_HISTORY|VOLATILE|BULL|VIX_ELEVATED,121.0,-0.03,0.524,45.45,37.19,5.0,0.248992,NOT_VALIDATED,,,,,0.0,LOW,2
PANIC|SIDEWAYS|NORMAL|SPY_INSUFFICIENT_HISTORY|VIX_UNAVAILABLE,64.0,1.412,0.703,64.06,48.44,5.0,0.260674,NOT_VALIDATED,,,,,0.0,LOW,2
MOMENTUM|HIGH_VOLATILITY|VOLATILE|SIDEWAYS|VIX_EXTREME,347.0,-1.128,-0.3,41.5,48.13,5.0,0.263705,NOT_VALIDATED,,,,,0.0,LOW,2
PANIC|BEAR|NORMAL|BULL|VIX_HIGH,139.0,0.194,0.455,50.36,49.64,5.0,0.283328,NOT_VALIDATED,,,,,0.0,LOW,2
MOMENTUM|SIDEWAYS|VOLATILE|HIGH_VOL|VIX_HIGH,103.0,-0.685,-0.512,48.54,47.57,5.0,0.29869,NOT_VALIDATED,,,,,0.0,LOW,2
PANIC|BEAR|NORMAL|SIDEWAYS|VIX_LOW,74.0,-0.388,-0.595,43.24,39.19,5.0,0.305988,NOT_VALIDATED,,,,,0.0,LOW,2
PANIC|BULL|NORMAL|BEAR|VIX_HIGH,82.0,-0.937,-0.564,47.56,46.34,5.0,0.307042,NOT_VALIDATED,,,,,0.0,LOW,2
PANIC|HIGH_VOLATILITY|NORMAL|BEAR|VIX_EXTREME,34.0,-0.522,-0.857,47.06,52.94,5.0,0.317589,NOT_VALIDATED,,,,,0.0,LOW,2
OVERSOLD|INSUFFICIENT_HISTORY|NORMAL|SPY_INSUFFICIENT_HISTORY|VIX_EXTREME,47.0,1.177,0.655,65.96,48.94,5.0,0.369137,NOT_VALIDATED,,,,,0.0,LOW,2
MOMENTUM|SIDEWAYS|NORMAL|BULL|VIX_ELEVATED,1094.0,-0.158,0.124,47.81,48.26,5.0,0.412058,NOT_VALIDATED,,,,,0.0,LOW,2
PANIC|HIGH_VOLATILITY|NORMAL|BEAR|VIX_HIGH,95.0,-1.59,-0.42,47.37,47.37,5.0,0.41294,NOT_VALIDATED,,,,,0.0,LOW,2
MOMENTUM|BEAR|NORMAL|SIDEWAYS|VIX_ELEVATED,300.0,0.217,-0.236,52.67,49.33,5.0,0.413627,NOT_VALIDATED,,,,,0.0,LOW,2
OVERSOLD|SIDEWAYS|NORMAL|BEAR|VIX_HIGH,47.0,1.028,-0.59,63.83,48.94,5.0,0.418534,NOT_VALIDATED,,,,,0.0,LOW,2
PANIC|INSUFFICIENT_HISTORY|NORMAL|BULL|VIX_ELEVATED,48.0,-0.134,-0.577,39.58,39.58,5.0,0.423992,NOT_VALIDATED,,,,,0.0,LOW,2
MOMENTUM|INSUFFICIENT_HISTORY|NORMAL|SPY_INSUFFICIENT_HISTORY|VIX_EXTREME,53.0,-0.381,-0.501,54.72,56.6,5.0,0.465716,NOT_VALIDATED,,,,,0.0,LOW,2
OVERSOLD|SIDEWAYS|NORMAL|SPY_INSUFFICIENT_HISTORY|VIX_UNAVAILABLE,37.0,0.681,0.586,45.95,45.95,5.0,0.475908,NOT_VALIDATED,,,,,0.0,LOW,2
OVERSOLD|BEAR|NORMAL|BEAR|VIX_HIGH,140.0,-0.388,-0.292,50.0,50.71,5.0,0.489567,NOT_VALIDATED,,,,,0.0,LOW,2
MOMENTUM|HIGH_VOLATILITY|NORMAL|SIDEWAYS|VIX_HIGH,177.0,0.392,-0.232,51.98,47.46,5.0,0.537029,NOT_VALIDATED,,,,,0.0,LOW,2
MOMENTUM|BEAR|VOLATILE|SIDEWAYS|VIX_LOW,97.0,0.571,0.278,50.52,47.42,5.0,0.583969,NOT_VALIDATED,,,,,0.0,LOW,2
OVERBOUGHT|HIGH_VOLATILITY|NORMAL|SIDEWAYS|VIX_ELEVATED,74.0,-0.448,-0.294,39.19,43.24,5.0,0.612985,NOT_VALIDATED,,,,,0.0,LOW,2
MOMENTUM|BEAR|NORMAL|SIDEWAYS|VIX_LOW,50.0,0.856,0.304,56.0,46.0,5.0,0.667253,NOT_VALIDATED,,,,,0.0,LOW,2
MOMENTUM|INSUFFICIENT_HISTORY|VOLATILE|BULL|VIX_ELEVATED,119.0,-0.331,-0.174,32.77,37.82,5.0,0.704225,NOT_VALIDATED,,,,,0.0,LOW,2
MOMENTUM|BEAR|NORMAL|HIGH_VOL|VIX_EXTREME,33.0,-0.988,-0.282,48.48,51.52,5.0,0.745943,NOT_VALIDATED,,,,,0.0,LOW,2
MOMENTUM|BEAR|NORMAL|BULL|VIX_HIGH,73.0,0.241,-0.184,43.84,42.47,5.0,0.753203,NOT_VALIDATED,,,,,0.0,LOW,2
PANIC|SIDEWAYS|NORMAL|BEAR|VIX_EXTREME,82.0,-0.348,-0.164,48.78,56.1,5.0,0.766454,NOT_VALIDATED,,,,,0.0,LOW,2
OVERSOLD|BEAR|NORMAL|BULL|VIX_ELEVATED,399.0,-0.006,-0.068,51.13,51.88,5.0,0.785884,NOT_VALIDATED,,,,,0.0,LOW,2
MOMENTUM|BEAR|VOLATILE|BULL|VIX_HIGH,176.0,0.553,-0.099,58.52,48.86,5.0,0.7928,NOT_VALIDATED,,,,,0.0,LOW,2
MOMENTUM|INSUFFICIENT_HISTORY|VOLATILE|SIDEWAYS|VIX_ELEVATED,52.0,0.69,-0.16,53.85,46.15,5.0,0.817505,NOT_VALIDATED,,,,,0.0,LOW,2
OVERSOLD|SIDEWAYS|NORMAL|BEAR|VIX_EXTREME,41.0,0.813,-0.162,63.41,63.41,5.0,0.83565,NOT_VALIDATED,,,,,0.0,LOW,2
MOMENTUM|BEAR|VOLATILE|BULL|VIX_ELEVATED,717.0,0.028,-0.038,47.14,44.91,5.0,0.838741,NOT_VALIDATED,,,,,0.0,LOW,2
OVERBOUGHT|SIDEWAYS|NORMAL|SIDEWAYS|VIX_ELEVATED,429.0,0.145,-0.042,51.05,53.61,5.0,0.861878,NOT_VALIDATED,,,,,0.0,LOW,2
OVERSOLD|BEAR|NORMAL|BULL|VIX_LOW,514.0,-0.262,0.037,46.5,46.3,5.0,0.866765,NOT_VALIDATED,,,,,0.0,LOW,2
MOMENTUM|INSUFFICIENT_HISTORY|NORMAL|SPY_INSUFFICIENT_HISTORY|VIX_ELEVATED,210.0,0.07,-0.042,51.43,51.9,5.0,0.903115,NOT_VALIDATED,,,,,0.0,LOW,2
PANIC|BULL|NORMAL|SIDEWAYS|VIX_LOW,118.0,0.284,-0.047,51.69,50.85,5.0,0.918669,NOT_VALIDATED,,,,,0.0,LOW,2
MOMENTUM|BEAR|VOLATILE|SPY_INSUFFICIENT_HISTORY|VIX_UNAVAILABLE,84.0,1.276,0.041,52.38,46.43,5.0,0.940092,NOT_VALIDATED,,,,,0.0,LOW,2
MOMENTUM|SIDEWAYS|NORMAL|BEAR|VIX_EXTREME,60.0,-0.264,0.048,50.0,48.33,5.0,0.940723,NOT_VALIDATED,,,,,0.0,LOW,2
PANIC|BULL|VOLATILE|HIGH_VOL|VIX_EXTREME,48.0,1.31,-0.038,66.67,64.58,5.0,0.958007,NOT_VALIDATED,,,,,0.0,LOW,2
MOMENTUM|SIDEWAYS|NORMAL|HIGH_VOL|VIX_HIGH,36.0,0.479,-0.005,52.78,44.44,5.0,0.995213,NOT_VALIDATED,,,,,0.0,LOW,2
OVERSOLD|INSUFFICIENT_HISTORY|NORMAL|SPY_INSUFFICIENT_HISTORY|VIX_HIGH,130.0,0.386,0.846,48.46,53.85,5.0,0.053709,WATCHLIST_ONLY,,,,,0.0,LOW,2
PANIC|SIDEWAYS|VOLATILE|BULL|VIX_EXTREME,42.0,1.702,1.359,61.9,54.76,5.0,0.07816,WATCHLIST_ONLY,,,,,0.0,LOW,2
PANIC|BULL|VOLATILE|SIDEWAYS|VIX_LOW,119.0,1.015,0.805,52.94,53.78,5.0,0.079037,WATCHLIST_ONLY,,,,,0.0,LOW,2
PANIC|SIDEWAYS|NORMAL|BEAR|VIX_HIGH,203.0,0.031,0.604,55.17,60.59,5.0,0.085226,WATCHLIST_ONLY,,,,,0.0,LOW,2
OVERSOLD|SIDEWAYS|NORMAL|BULL|VIX_ELEVATED,513.0,0.062,0.379,50.49,51.27,5.0,0.08601,WATCHLIST_ONLY,,,,,0.0,LOW,2
OVERSOLD|SIDEWAYS|NORMAL|BULL|VIX_LOW,667.0,0.237,0.32,52.17,52.62,5.0,0.098354,WATCHLIST_ONLY,,,,,0.0,LOW,2
OVERSOLD|BULL|NORMAL|BULL|VIX_LOW,44.0,0.38,1.226,56.82,50.0,5.0,0.103849,WATCHLIST_ONLY,,,,,0.0,LOW,2
MOMENTUM|HIGH_VOLATILITY|NORMAL|HIGH_VOL|VIX_EXTREME,73.0,0.787,0.933,54.79,54.79,5.0,0.110866,WATCHLIST_ONLY,,,,,0.0,LOW,2
OVERBOUGHT|BULL|NORMAL|SIDEWAYS|VIX_LOW,191.0,0.16,0.572,46.07,58.64,5.0,0.113869,WATCHLIST_ONLY,,,,,0.0,LOW,2
OVERSOLD|SIDEWAYS|NORMAL|SIDEWAYS|VIX_HIGH,377.0,0.23,0.407,54.38,54.11,5.0,0.113992,WATCHLIST_ONLY,,,,,0.0,LOW,2
MOMENTUM|SIDEWAYS|VOLATILE|BEAR|VIX_HIGH,380.0,0.162,0.403,53.16,55.53,5.0,0.11614,WATCHLIST_ONLY,,,,,0.0,LOW,2
PANIC|BEAR|VOLATILE|BULL|VIX_ELEVATED,1030.0,0.141,0.24,49.42,50.49,5.0,0.12344,WATCHLIST_ONLY,,,,,0.0,LOW,2
MOMENTUM|SIDEWAYS|VOLATILE|BULL|VIX_ELEVATED,2065.0,-0.174,0.16,48.96,50.12,5.0,0.145904,WATCHLIST_ONLY,,,,,0.0,LOW,2
OVERBOUGHT|HIGH_VOLATILITY|NORMAL|HIGH_VOL|VIX_EXTREME,30.0,1.141,1.258,60.0,66.67,5.0,0.168182,WATCHLIST_ONLY,,,,,0.0,LOW,2
MOMENTUM|BULL|VOLATILE|BEAR|VIX_HIGH,256.0,-0.026,0.422,49.22,53.91,5.0,0.176888,WATCHLIST_ONLY,,,,,0.0,LOW,2
OVERBOUGHT|SIDEWAYS|NORMAL|BULL|VIX_ELEVATED,625.0,-0.104,0.259,49.44,51.68,5.0,0.19532,WATCHLIST_ONLY,,,,,0.0,LOW,2
MOMENTUM|BEAR|VOLATILE|HIGH_VOL|VIX_HIGH,87.0,0.194,0.689,54.02,63.22,5.0,0.198683,WATCHLIST_ONLY,,,,,0.0,LOW,2
PANIC|BULL|VOLATILE|BEAR|VIX_EXTREME,85.0,0.137,0.685,44.71,57.65,5.0,0.206561,WATCHLIST_ONLY,,,,,0.0,LOW,2
MOMENTUM|BEAR|NORMAL|BULL|VIX_LOW,469.0,0.06,0.288,49.25,53.3,5.0,0.212248,WATCHLIST_ONLY,,,,,0.0,LOW,2
PANIC|BEAR|NORMAL|HIGH_VOL|VIX_HIGH,35.0,1.75,1.029,68.57,60.0,5.0,0.223403,WATCHLIST_ONLY,,,,,0.0,LOW,2
MOMENTUM|BEAR|NORMAL|BEAR|VIX_EXTREME,75.0,0.435,0.663,58.67,62.67,5.0,0.250824,WATCHLIST_ONLY,,,,,0.0,LOW,2
OVERSOLD|BEAR|NORMAL|SIDEWAYS|VIX_EXTREME,45.0,1.713,0.834,57.78,66.67,5.0,0.263171,WATCHLIST_ONLY,,,,,0.0,LOW,2
PANIC|INSUFFICIENT_HISTORY|NORMAL|SPY_INSUFFICIENT_HISTORY|VIX_EXTREME,94.0,0.345,0.569,57.45,50.0,5.0,0.269883,WATCHLIST_ONLY,,,,,0.0,LOW,2
PANIC|SIDEWAYS|NORMAL|SIDEWAYS|VIX_LOW,186.0,0.187,0.348,52.69,53.23,5.0,0.34251,WATCHLIST_ONLY,,,,,0.0,LOW,2
MOMENTUM|SIDEWAYS|VOLATILE|BEAR|VIX_ELEVATED,42.0,-0.258,0.639,47.62,59.52,5.0,0.407535,WATCHLIST_ONLY,,,,,0.0,LOW,2
OVERBOUGHT|SIDEWAYS|NORMAL|SIDEWAYS|VIX_LOW,185.0,0.126,0.302,51.35,62.7,5.0,0.411345,WATCHLIST_ONLY,,,,,0.0,LOW,2
MOMENTUM|BULL|NORMAL|SIDEWAYS|VIX_LOW,201.0,0.461,0.289,58.21,57.71,5.0,0.412526,WATCHLIST_ONLY,,,,,0.0,LOW,2
MOMENTUM|INSUFFICIENT_HISTORY|VOLATILE|SPY_INSUFFICIENT_HISTORY|VIX_HIGH,933.0,0.002,0.132,50.7,53.48,5.0,0.420018,WATCHLIST_ONLY,,,,,0.0,LOW,2
PANIC|INSUFFICIENT_HISTORY|VOLATILE|SPY_INSUFFICIENT_HISTORY|VIX_HIGH,805.0,-0.133,0.139,47.08,50.56,5.0,0.430255,WATCHLIST_ONLY,,,,,0.0,LOW,2
OVERSOLD|SIDEWAYS|NORMAL|SIDEWAYS|VIX_LOW,59.0,0.434,0.408,55.93,66.1,5.0,0.530802,WATCHLIST_ONLY,,,,,0.0,LOW,2
PANIC|BEAR|NORMAL|SIDEWAYS|VIX_ELEVATED,452.0,-0.141,0.146,46.02,53.32,5.0,0.534731,WATCHLIST_ONLY,,,,,0.0,LOW,2
PANIC|HIGH_VOLATILITY|VOLATILE|BEAR|VIX_EXTREME,258.0,0.496,0.188,54.65,54.26,5.0,0.54588,WATCHLIST_ONLY,,,,,0.0,LOW,2
OVERSOLD|SIDEWAYS|NORMAL|BULL|VIX_HIGH,127.0,0.882,0.237,65.35,54.33,5.0,0.593223,WATCHLIST_ONLY,,,,,0.0,LOW,2
PANIC|SIDEWAYS|VOLATILE|SIDEWAYS|VIX_LOW,217.0,0.399,0.15,55.3,52.53,5.0,0.658542,WATCHLIST_ONLY,,,,,0.0,LOW,2
MOMENTUM|SIDEWAYS|VOLATILE|SIDEWAYS|VIX_LOW,371.0,0.189,0.102,53.91,52.29,5.0,0.69437,WATCHLIST_ONLY,,,,,0.0,LOW,2
MOMENTUM|BEAR|NORMAL|SPY_INSUFFICIENT_HISTORY|VIX_UNAVAILABLE,60.0,0.668,0.171,51.67,58.33,5.0,0.791077,WATCHLIST_ONLY,,,,,0.0,LOW,2
MOMENTUM|BEAR|NORMAL|HIGH_VOL|VIX_HIGH,30.0,1.54,0.213,63.33,53.33,5.0,0.815505,WATCHLIST_ONLY,,,,,0.0,LOW,2
OVERBOUGHT|BEAR|NORMAL|BULL|VIX_LOW,29.0,3.039,2.861,65.52,44.83,5.722,0.00709,INSUFFICIENT_SAMPLE,,,,,0.0,UNTRUSTED,1
MOMENTUM|BULL|VOLATILE|BULL|VIX_EXTREME,27.0,3.984,5.722,77.78,77.78,11.444,0.009375,INSUFFICIENT_SAMPLE,,,,,0.0,UNTRUSTED,1
MOMENTUM|INSUFFICIENT_HISTORY|VOLATILE|SIDEWAYS|VIX_HIGH,26.0,1.475,4.447,53.85,53.85,8.894,0.010787,INSUFFICIENT_SAMPLE,,,,,0.0,UNTRUSTED,1
PANIC|INSUFFICIENT_HISTORY|VOLATILE|BULL|VIX_HIGH,26.0,1.805,3.45,50.0,53.85,6.9,0.010787,INSUFFICIENT_SAMPLE,,,,,0.0,UNTRUSTED,1
PANIC|HIGH_VOLATILITY|VOLATILE|BEAR|VIX_ELEVATED,26.0,-2.996,-3.406,30.77,34.62,6.812,0.010787,INSUFFICIENT_SAMPLE,,,,,0.0,UNTRUSTED,1
PANIC|HIGH_VOLATILITY|NORMAL|HIGH_VOL|VIX_HIGH,27.0,1.609,2.379,59.26,62.96,5.0,0.013424,INSUFFICIENT_SAMPLE,,,,,0.0,UNTRUSTED,1
MOMENTUM|HIGH_VOLATILITY|VOLATILE|BULL|VIX_EXTREME,23.0,-2.677,-2.436,52.17,39.13,5.0,0.019464,INSUFFICIENT_SAMPLE,,,,,0.0,UNTRUSTED,1
OVERSOLD|HIGH_VOLATILITY|NORMAL|SPY_INSUFFICIENT_HISTORY|VIX_UNAVAILABLE,21.0,11.843,12.422,85.71,61.9,24.844,0.021947,INSUFFICIENT_SAMPLE,,,,,0.0,UNTRUSTED,1
MOMENTUM|HIGH_VOLATILITY|NORMAL|BEAR|VIX_EXTREME,21.0,-3.009,-3.92,52.38,47.62,7.84,0.021947,INSUFFICIENT_SAMPLE,,,,,0.0,UNTRUSTED,1
PANIC|INSUFFICIENT_HISTORY|NORMAL|SIDEWAYS|VIX_ELEVATED,20.0,-0.799,-3.368,40.0,25.0,6.736,0.025347,INSUFFICIENT_SAMPLE,,,,,0.0,UNTRUSTED,1
MOMENTUM|SIDEWAYS|VOLATILE|BULL|VIX_EXTREME,19.0,4.716,4.12,84.21,78.95,8.24,0.029298,INSUFFICIENT_SAMPLE,,,,,0.0,UNTRUSTED,1
MOMENTUM|INSUFFICIENT_HISTORY|VOLATILE|BULL|VIX_HIGH,19.0,-0.692,3.426,36.84,63.16,6.852,0.029298,INSUFFICIENT_SAMPLE,,,,,0.0,UNTRUSTED,1
OVERSOLD|HIGH_VOLATILITY|NORMAL|BULL|VIX_HIGH,17.0,0.519,3.479,58.82,58.82,6.958,0.03925,INSUFFICIENT_SAMPLE,,,,,0.0,UNTRUSTED,1
OVERBOUGHT|INSUFFICIENT_HISTORY|NORMAL|BULL|VIX_LOW,19.0,1.577,-2.35,36.84,15.79,5.0,0.040493,INSUFFICIENT_SAMPLE,,,,,0.0,UNTRUSTED,1
OVERBOUGHT|SIDEWAYS|NORMAL|HIGH_VOL|VIX_HIGH,15.0,4.273,9.615,66.67,93.33,19.23,0.052808,INSUFFICIENT_SAMPLE,,,,,0.0,UNTRUSTED,1
MOMENTUM|BULL|VOLATILE|BEAR|VIX_ELEVATED,15.0,1.898,2.447,73.33,73.33,5.0,0.058034,INSUFFICIENT_SAMPLE,,,,,0.0,UNTRUSTED,1
OVERSOLD|SIDEWAYS|NORMAL|HIGH_VOL|VIX_EXTREME,14.0,-9.498,-10.971,21.43,28.57,21.942,0.061369,INSUFFICIENT_SAMPLE,,,,,0.0,UNTRUSTED,1
MOMENTUM|BEAR|NORMAL|SIDEWAYS|VIX_EXTREME,16.0,-0.258,2.286,43.75,68.75,5.0,0.06743,INSUFFICIENT_SAMPLE,,,,,0.0,UNTRUSTED,1
PANIC|BULL|NORMAL|BULL|VIX_EXTREME,13.0,2.567,4.792,61.54,69.23,9.584,0.071423,INSUFFICIENT_SAMPLE,,,,,0.0,UNTRUSTED,1
MOMENTUM|INSUFFICIENT_HISTORY|NORMAL|SIDEWAYS|VIX_ELEVATED,13.0,2.187,2.459,76.92,53.85,5.0,0.076194,INSUFFICIENT_SAMPLE,,,,,0.0,UNTRUSTED,1
MOMENTUM|SIDEWAYS|NORMAL|BEAR|VIX_ELEVATED,13.0,1.723,2.424,76.92,69.23,5.0,0.080469,INSUFFICIENT_SAMPLE,,,,,0.0,UNTRUSTED,1
OVERSOLD|BEAR|NORMAL|HIGH_VOL|VIX_HIGH,12.0,1.655,2.563,75.0,75.0,5.126,0.083265,INSUFFICIENT_SAMPLE,,,,,0.0,UNTRUSTED,1
MOMENTUM|BEAR|VOLATILE|BEAR|VIX_ELEVATED,24.0,-0.048,1.736,62.5,75.0,5.0,0.088957,INSUFFICIENT_SAMPLE,,,,,0.0,UNTRUSTED,1
MOMENTUM|BULL|NORMAL|HIGH_VOL|VIX_HIGH,23.0,0.988,1.731,52.17,60.87,5.0,0.096851,INSUFFICIENT_SAMPLE,,,,,0.0,UNTRUSTED,1
OVERBOUGHT|HIGH_VOLATILITY|NORMAL|HIGH_VOL|VIX_HIGH,10.0,2.379,11.496,90.0,90.0,22.992,0.113846,INSUFFICIENT_SAMPLE,,,,,0.0,UNTRUSTED,1
OVERSOLD|BULL|NORMAL|SIDEWAYS|VIX_ELEVATED,9.0,0.401,2.576,77.78,77.78,5.152,0.133614,INSUFFICIENT_SAMPLE,,,,,0.0,UNTRUSTED,1
MOMENTUM|BULL|NORMAL|BULL|VIX_EXTREME,8.0,10.064,9.769,100.0,75.0,19.538,0.157299,INSUFFICIENT_SAMPLE,,,,,0.0,UNTRUSTED,1
MOMENTUM|SIDEWAYS|NORMAL|BULL|VIX_EXTREME,8.0,4.541,9.305,75.0,87.5,18.61,0.157299,INSUFFICIENT_SAMPLE,,,,,0.0,UNTRUSTED,1
MOMENTUM|INSUFFICIENT_HISTORY|VOLATILE|SIDEWAYS|VIX_LOW,8.0,5.977,3.629,50.0,50.0,7.258,0.157299,INSUFFICIENT_SAMPLE,,,,,0.0,UNTRUSTED,1
OVERBOUGHT|BEAR|NORMAL|SIDEWAYS|VIX_HIGH,8.0,5.277,3.539,100.0,87.5,7.078,0.157299,INSUFFICIENT_SAMPLE,,,,,0.0,UNTRUSTED,1
OVERBOUGHT|BULL|NORMAL|BEAR|VIX_ELEVATED,8.0,-0.599,-2.761,25.0,25.0,5.522,0.157299,INSUFFICIENT_SAMPLE,,,,,0.0,UNTRUSTED,1
OVERBOUGHT|BULL|NORMAL|SIDEWAYS|VIX_EXTREME,29.0,0.194,1.302,58.62,62.07,5.0,0.160827,INSUFFICIENT_SAMPLE,,,,,0.0,UNTRUSTED,1
OVERSOLD|INSUFFICIENT_HISTORY|NORMAL|SIDEWAYS|VIX_HIGH,10.0,-1.026,-2.212,60.0,60.0,5.0,0.161815,INSUFFICIENT_SAMPLE,,,,,0.0,UNTRUSTED,1
PANIC|BEAR|VOLATILE|BEAR|VIX_ELEVATED,12.0,0.06,-1.982,41.67,33.33,5.0,0.1697,INSUFFICIENT_SAMPLE,,,,,0.0,UNTRUSTED,1
PANIC|INSUFFICIENT_HISTORY|NORMAL|BULL|VIX_HIGH,12.0,0.969,1.966,66.67,50.0,5.0,0.173171,INSUFFICIENT_SAMPLE,,,,,0.0,UNTRUSTED,1
PANIC|BULL|NORMAL|BEAR|VIX_EXTREME,27.0,-1.164,-1.291,40.74,48.15,5.0,0.179711,INSUFFICIENT_SAMPLE,,,,,0.0,UNTRUSTED,1
OVERSOLD|HIGH_VOLATILITY|NORMAL|SIDEWAYS|VIX_EXTREME,7.0,4.265,12.426,85.71,85.71,24.852,0.185877,INSUFFICIENT_SAMPLE,,,,,0.0,UNTRUSTED,1
OVERBOUGHT|BEAR|NORMAL|BEAR|VIX_ELEVATED,7.0,2.368,4.57,71.43,100.0,9.14,0.185877,INSUFFICIENT_SAMPLE,,,,,0.0,UNTRUSTED,1
MOMENTUM|INSUFFICIENT_HISTORY|NORMAL|SIDEWAYS|VIX_HIGH,7.0,3.417,3.319,71.43,71.43,6.638,0.185877,INSUFFICIENT_SAMPLE,,,,,0.0,UNTRUSTED,1
OVERSOLD|INSUFFICIENT_HISTORY|NORMAL|SPY_INSUFFICIENT_HISTORY|VIX_UNAVAILABLE,7.0,-1.659,2.709,57.14,71.43,5.418,0.185877,INSUFFICIENT_SAMPLE,,,,,0.0,UNTRUSTED,1
PANIC|BULL|VOLATILE|HIGH_VOL|VIX_HIGH,17.0,1.345,1.599,64.71,70.59,5.0,0.187313,INSUFFICIENT_SAMPLE,,,,,0.0,UNTRUSTED,1
OVERBOUGHT|SIDEWAYS|NORMAL|BEAR|VIX_ELEVATED,12.0,1.059,1.899,50.0,83.33,5.0,0.188286,INSUFFICIENT_SAMPLE,,,,,0.0,UNTRUSTED,1
OVERSOLD|SIDEWAYS|NORMAL|HIGH_VOL|VIX_HIGH,6.0,6.897,5.704,83.33,83.33,11.408,0.220671,INSUFFICIENT_SAMPLE,,,,,0.0,UNTRUSTED,1
PANIC|INSUFFICIENT_HISTORY|VOLATILE|SIDEWAYS|VIX_LOW,6.0,2.595,3.569,33.33,66.67,7.138,0.220671,INSUFFICIENT_SAMPLE,,,,,0.0,UNTRUSTED,1
MOMENTUM|BULL|NORMAL|BEAR|VIX_ELEVATED,10.0,0.922,1.929,50.0,60.0,5.0,0.222462,INSUFFICIENT_SAMPLE,,,,,0.0,UNTRUSTED,1
OVERSOLD|HIGH_VOLATILITY|NORMAL|BEAR|VIX_HIGH,21.0,1.668,1.329,47.62,33.33,5.0,0.223205,INSUFFICIENT_SAMPLE,,,,,0.0,UNTRUSTED,1
MOMENTUM|BULL|NORMAL|HIGH_VOL|VIX_EXTREME,28.0,0.915,1.146,57.14,60.71,5.0,0.225202,INSUFFICIENT_SAMPLE,,,,,0.0,UNTRUSTED,1
MOMENTUM|SIDEWAYS|VOLATILE|SPY_INSUFFICIENT_HISTORY|VIX_ELEVATED,6.0,-2.122,-2.421,16.67,33.33,5.0,0.235605,INSUFFICIENT_SAMPLE,,,,,0.0,UNTRUSTED,1
MOMENTUM|HIGH_VOLATILITY|NORMAL|BULL|VIX_EXTREME,5.0,3.334,12.812,80.0,60.0,25.624,0.263552,INSUFFICIENT_SAMPLE,,,,,0.0,UNTRUSTED,1
OVERBOUGHT|BULL|NORMAL|BEAR|VIX_EXTREME,5.0,-2.746,-5.679,0.0,0.0,11.358,0.263552,INSUFFICIENT_SAMPLE,,,,,0.0,UNTRUSTED,1
OVERBOUGHT|BEAR|NORMAL|HIGH_VOL|VIX_HIGH,5.0,4.205,2.392,100.0,100.0,5.0,0.284739,INSUFFICIENT_SAMPLE,,,,,0.0,UNTRUSTED,1
MOMENTUM|BEAR|NORMAL|BEAR|VIX_ELEVATED,18.0,0.216,1.222,44.44,66.67,5.0,0.299782,INSUFFICIENT_SAMPLE,,,,,0.0,UNTRUSTED,1
PANIC|BULL|NORMAL|HIGH_VOL|VIX_EXTREME,20.0,-0.312,-1.145,45.0,50.0,5.0,0.305779,INSUFFICIENT_SAMPLE,,,,,0.0,UNTRUSTED,1
OVERSOLD|BULL|NORMAL|BULL|VIX_ELEVATED,27.0,0.376,-0.964,51.85,40.74,5.0,0.316431,INSUFFICIENT_SAMPLE,,,,,0.0,UNTRUSTED,1
OVERSOLD|BEAR|NORMAL|BEAR|VIX_ELEVATED,7.0,-1.442,1.831,0.0,57.14,5.0,0.332608,INSUFFICIENT_SAMPLE,,,,,0.0,UNTRUSTED,1
OVERBOUGHT|BULL|NORMAL|HIGH_VOL|VIX_HIGH,19.0,1.142,1.067,63.16,73.68,5.0,0.352273,INSUFFICIENT_SAMPLE,,,,,0.0,UNTRUSTED,1
PANIC|SIDEWAYS|VOLATILE|BEAR|VIX_ELEVATED,11.0,-1.391,-1.386,36.36,45.45,5.0,0.357903,INSUFFICIENT_SAMPLE,,,,,0.0,UNTRUSTED,1
OVERSOLD|BEAR|NORMAL|BULL|VIX_EXTREME,6.0,-2.231,-1.809,16.67,33.33,5.0,0.375496,INSUFFICIENT_SAMPLE,,,,,0.0,UNTRUSTED,1
OVERBOUGHT|HIGH_VOLATILITY|NORMAL|SIDEWAYS|VIX_LOW,24.0,-1.484,-0.782,37.5,45.83,5.0,0.443557,INSUFFICIENT_SAMPLE,,,,,0.0,UNTRUSTED,1
PANIC|SIDEWAYS|NORMAL|HIGH_VOL|VIX_HIGH,28.0,-0.071,-0.647,53.57,46.43,5.0,0.49352,INSUFFICIENT_SAMPLE,,,,,0.0,UNTRUSTED,1
MOMENTUM|HIGH_VOLATILITY|NORMAL|BEAR|VIX_ELEVATED,7.0,-0.116,1.276,42.86,71.43,5.0,0.499551,INSUFFICIENT_SAMPLE,,,,,0.0,UNTRUSTED,1
MOMENTUM|INSUFFICIENT_HISTORY|NORMAL|BULL|VIX_HIGH,13.0,-1.182,-0.9,38.46,53.85,5.0,0.516339,INSUFFICIENT_SAMPLE,,,,,0.0,UNTRUSTED,1
OVERBOUGHT|BEAR|NORMAL|SIDEWAYS|VIX_ELEVATED,14.0,0.162,-0.862,57.14,57.14,5.0,0.518887,INSUFFICIENT_SAMPLE,,,,,0.0,UNTRUSTED,1
OVERSOLD|INSUFFICIENT_HISTORY|NORMAL|BULL|VIX_ELEVATED,20.0,-0.197,-0.659,40.0,50.0,5.0,0.555575,INSUFFICIENT_SAMPLE,,,,,0.0,UNTRUSTED,1
OVERSOLD|INSUFFICIENT_HISTORY|NORMAL|SIDEWAYS|VIX_ELEVATED,12.0,-0.384,0.828,41.67,50.0,5.0,0.566201,INSUFFICIENT_SAMPLE,,,,,0.0,UNTRUSTED,1
OVERBOUGHT|HIGH_VOLATILITY|NORMAL|BEAR|VIX_HIGH,5.0,1.654,1.216,60.0,40.0,5.0,0.586571,INSUFFICIENT_SAMPLE,,,,,0.0,UNTRUSTED,1
PANIC|HIGH_VOLATILITY|NORMAL|BULL|VIX_EXTREME,10.0,2.612,0.853,70.0,50.0,5.0,0.589553,INSUFFICIENT_SAMPLE,,,,,0.0,UNTRUSTED,1
PANIC|BEAR|NORMAL|BEAR|VIX_ELEVATED,12.0,-1.248,-0.683,50.0,25.0,5.0,0.636073,INSUFFICIENT_SAMPLE,,,,,0.0,UNTRUSTED,1
OVERBOUGHT|INSUFFICIENT_HISTORY|NORMAL|SIDEWAYS|VIX_ELEVATED,6.0,1.188,-0.898,50.0,33.33,5.0,0.659989,INSUFFICIENT_SAMPLE,,,,,0.0,UNTRUSTED,1
OVERBOUGHT|INSUFFICIENT_HISTORY|NORMAL|BULL|VIX_ELEVATED,11.0,-0.265,0.541,45.45,72.73,5.0,0.719701,INSUFFICIENT_SAMPLE,,,,,0.0,UNTRUSTED,1
PANIC|BEAR|VOLATILE|BULL|VIX_EXTREME,13.0,0.222,0.488,46.15,61.54,5.0,0.724912,INSUFFICIENT_SAMPLE,,,,,0.0,UNTRUSTED,1
MOMENTUM|HIGH_VOLATILITY|NORMAL|SIDEWAYS|VIX_LOW,26.0,-0.179,-0.341,46.15,50.0,5.0,0.728026,INSUFFICIENT_SAMPLE,,,,,0.0,UNTRUSTED,1
PANIC|INSUFFICIENT_HISTORY|NORMAL|SIDEWAYS|VIX_HIGH,14.0,-1.592,0.415,21.43,50.0,5.0,0.756137,INSUFFICIENT_SAMPLE,,,,,0.0,UNTRUSTED,1
PANIC|INSUFFICIENT_HISTORY|NORMAL|SPY_INSUFFICIENT_HISTORY|VIX_UNAVAILABLE,19.0,0.272,0.315,47.37,42.11,5.0,0.783615,INSUFFICIENT_SAMPLE,,,,,0.0,UNTRUSTED,1
MOMENTUM|BULL|NORMAL|BEAR|VIX_EXTREME,28.0,1.007,-0.238,53.57,57.14,5.0,0.801137,INSUFFICIENT_SAMPLE,,,,,0.0,UNTRUSTED,1
OVERSOLD|BULL|NORMAL|SIDEWAYS|VIX_HIGH,8.0,-0.447,0.41,75.0,87.5,5.0,0.816592,INSUFFICIENT_SAMPLE,,,,,0.0,UNTRUSTED,1
OVERSOLD|INSUFFICIENT_HISTORY|NORMAL|BULL|VIX_HIGH,9.0,-0.581,-0.323,33.33,55.56,5.0,0.846332,INSUFFICIENT_SAMPLE,,,,,0.0,UNTRUSTED,1
PANIC|SIDEWAYS|NORMAL|BULL|VIX_EXTREME,17.0,0.758,0.219,64.71,52.94,5.0,0.856688,INSUFFICIENT_SAMPLE,,,,,0.0,UNTRUSTED,1
OVERBOUGHT|INSUFFICIENT_HISTORY|NORMAL|BULL|VIX_HIGH,8.0,1.908,0.313,50.0,62.5,5.0,0.859462,INSUFFICIENT_SAMPLE,,,,,0.0,UNTRUSTED,1
OVERSOLD|HIGH_VOLATILITY|NORMAL|HIGH_VOL|VIX_HIGH,9.0,1.456,0.268,55.56,55.56,5.0,0.872251,INSUFFICIENT_SAMPLE,,,,,0.0,UNTRUSTED,1
PANIC|BULL|NORMAL|HIGH_VOL|VIX_HIGH,9.0,0.154,0.268,44.44,44.44,5.0,0.872251,INSUFFICIENT_SAMPLE,,,,,0.0,UNTRUSTED,1
PANIC|SIDEWAYS|NORMAL|BEAR|VIX_ELEVATED,9.0,-1.532,-0.267,44.44,55.56,5.0,0.872724,INSUFFICIENT_SAMPLE,,,,,0.0,UNTRUSTED,1
OVERSOLD|HIGH_VOLATILITY|NORMAL|SIDEWAYS|VIX_LOW,9.0,-0.335,0.23,55.56,44.44,5.0,0.89024,INSUFFICIENT_SAMPLE,,,,,0.0,UNTRUSTED,1
MOMENTUM|INSUFFICIENT_HISTORY|NORMAL|SPY_INSUFFICIENT_HISTORY|VIX_UNAVAILABLE,18.0,1.785,-0.124,61.11,55.56,5.0,0.916203,INSUFFICIENT_SAMPLE,,,,,0.0,UNTRUSTED,1
OVERBOUGHT|BULL|NORMAL|HIGH_VOL|VIX_EXTREME,9.0,0.096,-0.085,44.44,44.44,5.0,0.959326,INSUFFICIENT_SAMPLE,,,,,0.0,UNTRUSTED,1
